DepartmentID,DepartmentName,URL,PhoneNumber,Email,CityLocation,StateLocation
1,Support,http://mozilla.com/sit.jsp?ante=justo&vel=eu&ipsum=massa&praesent=donec&blandit=dapibus&lacinia=duis&erat=at&vestibulum=velit&sed=eu&magna=est&at=congue&nunc=elementum&commodo=in&placerat=hac&praesent=habitasse&blandit=platea&nam=dictumst&nulla=morbi&integer=vestibulum&pede=velit&justo=id&lacinia=pretium&eget=iaculis&tincidunt=diam&eget=erat&tempus=fermentum&vel=justo&pede=nec&morbi=condimentum&porttitor=neque&lorem=sapien&id=placerat&ligula=ante&suspendisse=nulla&ornare=justo&consequat=aliquam&lectus=quis&in=turpis&est=eget&risus=elit&auctor=sodales&sed=scelerisque&tristique=mauris&in=sit&tempus=amet&sit=eros&amet=suspendisse&sem=accumsan&fusce=tortor&consequat=quis&nulla=turpis&nisl=sed&nunc=ante&nisl=vivamus&duis=tortor&bibendum=duis&felis=mattis&sed=egestas&interdum=metus&venenatis=aenean&turpis=fermentum&enim=donec&blandit=ut&mi=mauris&in=eget&porttitor=massa,213-365-8493,cmcinnerny0@tripadvisor.com,Los Angeles,California
2,Product Management,https://un.org/luctus/et/ultrices/posuere/cubilia/curae.jpg?curabitur=enim&convallis=leo&duis=rhoncus&consequat=sed&dui=vestibulum&nec=sit&nisi=amet&volutpat=cursus&eleifend=id&donec=turpis&ut=integer&dolor=aliquet&morbi=massa&vel=id&lectus=lobortis&in=convallis&quam=tortor&fringilla=risus&rhoncus=dapibus&mauris=augue&enim=vel&leo=accumsan&rhoncus=tellus&sed=nisi&vestibulum=eu&sit=orci&amet=mauris&cursus=lacinia&id=sapien&turpis=quis&integer=libero&aliquet=nullam&massa=sit&id=amet&lobortis=turpis&convallis=elementum&tortor=ligula&risus=vehicula&dapibus=consequat&augue=morbi&vel=a&accumsan=ipsum&tellus=integer&nisi=a&eu=nibh&orci=in&mauris=quis,212-591-3954,rcoode1@wunderground.com,Jamaica,New York
3,Sales,https://posterous.com/mauris.jsp?vestibulum=eu&ante=mi&ipsum=nulla&primis=ac&in=enim&faucibus=in&orci=tempor&luctus=turpis&et=nec&ultrices=euismod&posuere=scelerisque&cubilia=quam&curae=turpis&mauris=adipiscing&viverra=lorem&diam=vitae&vitae=mattis&quam=nibh&suspendisse=ligula&potenti=nec&nullam=sem&porttitor=duis&lacus=aliquam&at=convallis&turpis=nunc&donec=proin&posuere=at&metus=turpis&vitae=a&ipsum=pede&aliquam=posuere&non=nonummy&mauris=integer&morbi=non&non=velit&lectus=donec&aliquam=diam&sit=neque&amet=vestibulum&diam=eget&in=vulputate&magna=ut&bibendum=ultrices&imperdiet=vel&nullam=augue&orci=vestibulum&pede=ante&venenatis=ipsum&non=primis&sodales=in&sed=faucibus&tincidunt=orci&eu=luctus&felis=et&fusce=ultrices&posuere=posuere&felis=cubilia&sed=curae&lacus=donec&morbi=pharetra&sem=magna&mauris=vestibulum&laoreet=aliquet&ut=ultrices&rhoncus=erat&aliquet=tortor&pulvinar=sollicitudin&sed=mi&nisl=sit&nunc=amet&rhoncus=lobortis&dui=sapien&vel=sapien&sem=non&sed=mi&sagittis=integer&nam=ac&congue=neque&risus=duis&semper=bibendum&porta=morbi&volutpat=non&quam=quam&pede=nec&lobortis=dui&ligula=luctus&sit=rutrum&amet=nulla&eleifend=tellus&pede=in&libero=sagittis&quis=dui&orci=vel&nullam=nisl&molestie=duis&nibh=ac&in=nibh&lectus=fusce&pellentesque=lacus,912-500-5139,gleyburn2@marketwatch.com,Savannah,Georgia
4,Sales,https://mapy.cz/eget/congue/eget.xml?faucibus=nec&accumsan=nisi&odio=vulputate&curabitur=nonummy&convallis=maecenas&duis=tincidunt&consequat=lacus&dui=at&nec=velit&nisi=vivamus&volutpat=vel&eleifend=nulla&donec=eget&ut=eros&dolor=elementum&morbi=pellentesque&vel=quisque&lectus=porta&in=volutpat&quam=erat&fringilla=quisque&rhoncus=erat&mauris=eros&enim=viverra&leo=eget&rhoncus=congue&sed=eget&vestibulum=semper&sit=rutrum&amet=nulla&cursus=nunc&id=purus&turpis=phasellus&integer=in&aliquet=felis&massa=donec&id=semper&lobortis=sapien&convallis=a&tortor=libero&risus=nam&dapibus=dui&augue=proin&vel=leo&accumsan=odio&tellus=porttitor&nisi=id&eu=consequat&orci=in&mauris=consequat&lacinia=ut&sapien=nulla&quis=sed&libero=accumsan&nullam=felis&sit=ut&amet=at&turpis=dolor&elementum=quis&ligula=odio&vehicula=consequat&consequat=varius&morbi=integer&a=ac&ipsum=leo&integer=pellentesque&a=ultrices&nibh=mattis&in=odio&quis=donec&justo=vitae&maecenas=nisi&rhoncus=nam&aliquam=ultrices&lacus=libero&morbi=non&quis=mattis&tortor=pulvinar,212-105-9495,rpicheford3@uol.com.br,New York City,New York
5,Sales,https://tuttocitta.it/lorem/quisque.xml?integer=at&aliquet=nibh&massa=in&id=hac&lobortis=habitasse&convallis=platea&tortor=dictumst&risus=aliquam&dapibus=augue&augue=quam&vel=sollicitudin&accumsan=vitae&tellus=consectetuer&nisi=eget&eu=rutrum&orci=at&mauris=lorem&lacinia=integer&sapien=tincidunt&quis=ante&libero=vel&nullam=ipsum&sit=praesent&amet=blandit&turpis=lacinia&elementum=erat&ligula=vestibulum&vehicula=sed&consequat=magna&morbi=at&a=nunc&ipsum=commodo&integer=placerat&a=praesent&nibh=blandit&in=nam&quis=nulla&justo=integer&maecenas=pede&rhoncus=justo&aliquam=lacinia&lacus=eget&morbi=tincidunt&quis=eget&tortor=tempus&id=vel&nulla=pede&ultrices=morbi&aliquet=porttitor&maecenas=lorem&leo=id&odio=ligula,602-462-9280,vvollam4@tmall.com,Phoenix,Arizona
6,Marketing,http://seattletimes.com/elementum/pellentesque/quisque/porta/volutpat/erat/quisque.aspx?a=erat&nibh=id&in=mauris&quis=vulputate&justo=elementum&maecenas=nullam&rhoncus=varius&aliquam=nulla&lacus=facilisi&morbi=cras&quis=non&tortor=velit&id=nec&nulla=nisi&ultrices=vulputate&aliquet=nonummy&maecenas=maecenas&leo=tincidunt&odio=lacus&condimentum=at&id=velit&luctus=vivamus&nec=vel&molestie=nulla&sed=eget&justo=eros&pellentesque=elementum&viverra=pellentesque&pede=quisque&ac=porta&diam=volutpat&cras=erat&pellentesque=quisque&volutpat=erat&dui=eros&maecenas=viverra&tristique=eget&est=congue&et=eget&tempus=semper&semper=rutrum&est=nulla&quam=nunc&pharetra=purus&magna=phasellus&ac=in&consequat=felis&metus=donec&sapien=semper&ut=sapien&nunc=a&vestibulum=libero&ante=nam&ipsum=dui&primis=proin&in=leo&faucibus=odio&orci=porttitor&luctus=id&et=consequat&ultrices=in&posuere=consequat&cubilia=ut&curae=nulla&mauris=sed&viverra=accumsan&diam=felis&vitae=ut&quam=at&suspendisse=dolor&potenti=quis&nullam=odio&porttitor=consequat&lacus=varius&at=integer&turpis=ac&donec=leo&posuere=pellentesque&metus=ultrices&vitae=mattis&ipsum=odio&aliquam=donec&non=vitae&mauris=nisi&morbi=nam&non=ultrices&lectus=libero&aliquam=non&sit=mattis,915-630-9143,jbendon5@earthlink.net,El Paso,Texas
7,Accounting,http://webmd.com/praesent.xml?velit=dapibus&vivamus=dolor&vel=vel&nulla=est&eget=donec&eros=odio&elementum=justo&pellentesque=sollicitudin&quisque=ut&porta=suscipit&volutpat=a&erat=feugiat&quisque=et&erat=eros&eros=vestibulum&viverra=ac&eget=est&congue=lacinia&eget=nisi&semper=venenatis&rutrum=tristique&nulla=fusce&nunc=congue&purus=diam&phasellus=id&in=ornare&felis=imperdiet&donec=sapien&semper=urna&sapien=pretium&a=nisl&libero=ut&nam=volutpat&dui=sapien&proin=arcu&leo=sed&odio=augue&porttitor=aliquam&id=erat&consequat=volutpat&in=in&consequat=congue&ut=etiam&nulla=justo&sed=etiam&accumsan=pretium&felis=iaculis&ut=justo&at=in&dolor=hac&quis=habitasse&odio=platea&consequat=dictumst&varius=etiam&integer=faucibus&ac=cursus&leo=urna&pellentesque=ut&ultrices=tellus&mattis=nulla&odio=ut&donec=erat&vitae=id&nisi=mauris&nam=vulputate&ultrices=elementum&libero=nullam&non=varius&mattis=nulla&pulvinar=facilisi&nulla=cras&pede=non&ullamcorper=velit&augue=nec&a=nisi&suscipit=vulputate&nulla=nonummy&elit=maecenas&ac=tincidunt&nulla=lacus&sed=at&vel=velit&enim=vivamus&sit=vel&amet=nulla&nunc=eget&viverra=eros&dapibus=elementum&nulla=pellentesque&suscipit=quisque&ligula=porta&in=volutpat,919-940-8536,ljeffcock6@google.co.jp,Raleigh,North Carolina
8,Sales,http://sciencedaily.com/pede/justo/eu/massa.html?mollis=quis&molestie=augue&lorem=luctus&quisque=tincidunt&ut=nulla&erat=mollis&curabitur=molestie&gravida=lorem&nisi=quisque&at=ut&nibh=erat&in=curabitur&hac=gravida&habitasse=nisi&platea=at&dictumst=nibh&aliquam=in&augue=hac&quam=habitasse&sollicitudin=platea&vitae=dictumst&consectetuer=aliquam&eget=augue&rutrum=quam&at=sollicitudin&lorem=vitae&integer=consectetuer&tincidunt=eget&ante=rutrum&vel=at&ipsum=lorem&praesent=integer&blandit=tincidunt&lacinia=ante&erat=vel&vestibulum=ipsum&sed=praesent&magna=blandit&at=lacinia&nunc=erat&commodo=vestibulum&placerat=sed&praesent=magna&blandit=at&nam=nunc&nulla=commodo&integer=placerat&pede=praesent&justo=blandit&lacinia=nam&eget=nulla&tincidunt=integer&eget=pede&tempus=justo&vel=lacinia&pede=eget&morbi=tincidunt&porttitor=eget&lorem=tempus&id=vel&ligula=pede&suspendisse=morbi&ornare=porttitor&consequat=lorem&lectus=id&in=ligula&est=suspendisse&risus=ornare&auctor=consequat&sed=lectus&tristique=in&in=est&tempus=risus&sit=auctor&amet=sed&sem=tristique&fusce=in&consequat=tempus&nulla=sit&nisl=amet&nunc=sem,321-612-7692,hmews7@hao123.com,Orlando,Florida
9,Sales,http://google.com.br/curae/donec/pharetra.jsp?arcu=neque&sed=vestibulum&augue=eget&aliquam=vulputate&erat=ut&volutpat=ultrices&in=vel&congue=augue&etiam=vestibulum&justo=ante&etiam=ipsum&pretium=primis&iaculis=in&justo=faucibus&in=orci&hac=luctus&habitasse=et&platea=ultrices&dictumst=posuere&etiam=cubilia&faucibus=curae&cursus=donec&urna=pharetra&ut=magna&tellus=vestibulum&nulla=aliquet&ut=ultrices&erat=erat&id=tortor&mauris=sollicitudin&vulputate=mi&elementum=sit&nullam=amet&varius=lobortis&nulla=sapien&facilisi=sapien&cras=non&non=mi&velit=integer&nec=ac&nisi=neque&vulputate=duis&nonummy=bibendum&maecenas=morbi&tincidunt=non,402-863-6636,scogan8@tiny.cc,Omaha,Nebraska
10,Human Resources,https://businessinsider.com/fermentum/justo/nec/condimentum/neque/sapien/placerat.js?consectetuer=ante&adipiscing=nulla&elit=justo&proin=aliquam&interdum=quis&mauris=turpis&non=eget&ligula=elit&pellentesque=sodales&ultrices=scelerisque&phasellus=mauris&id=sit&sapien=amet&in=eros&sapien=suspendisse&iaculis=accumsan&congue=tortor&vivamus=quis&metus=turpis&arcu=sed&adipiscing=ante&molestie=vivamus&hendrerit=tortor&at=duis&vulputate=mattis&vitae=egestas&nisl=metus&aenean=aenean&lectus=fermentum&pellentesque=donec&eget=ut&nunc=mauris&donec=eget&quis=massa&orci=tempor&eget=convallis&orci=nulla&vehicula=neque&condimentum=libero&curabitur=convallis&in=eget&libero=eleifend&ut=luctus&massa=ultricies&volutpat=eu&convallis=nibh&morbi=quisque&odio=id&odio=justo&elementum=sit&eu=amet&interdum=sapien&eu=dignissim&tincidunt=vestibulum&in=vestibulum&leo=ante&maecenas=ipsum&pulvinar=primis&lobortis=in&est=faucibus&phasellus=orci&sit=luctus&amet=et&erat=ultrices&nulla=posuere&tempus=cubilia&vivamus=curae&in=nulla&felis=dapibus&eu=dolor&sapien=vel&cursus=est&vestibulum=donec&proin=odio&eu=justo&mi=sollicitudin&nulla=ut&ac=suscipit&enim=a&in=feugiat&tempor=et&turpis=eros&nec=vestibulum&euismod=ac&scelerisque=est&quam=lacinia,626-879-1861,wgingel9@va.gov,Pasadena,California
11,Support,http://imageshack.us/nunc/donec.json?nulla=adipiscing&mollis=elit&molestie=proin&lorem=risus&quisque=praesent&ut=lectus&erat=vestibulum&curabitur=quam&gravida=sapien&nisi=varius&at=ut&nibh=blandit&in=non&hac=interdum&habitasse=in&platea=ante&dictumst=vestibulum&aliquam=ante&augue=ipsum&quam=primis&sollicitudin=in&vitae=faucibus&consectetuer=orci&eget=luctus&rutrum=et&at=ultrices&lorem=posuere&integer=cubilia&tincidunt=curae&ante=duis&vel=faucibus&ipsum=accumsan&praesent=odio&blandit=curabitur&lacinia=convallis&erat=duis&vestibulum=consequat&sed=dui&magna=nec&at=nisi&nunc=volutpat&commodo=eleifend&placerat=donec&praesent=ut&blandit=dolor&nam=morbi&nulla=vel&integer=lectus&pede=in&justo=quam&lacinia=fringilla&eget=rhoncus,402-835-1774,uskirvina@1und1.de,Lincoln,Nebraska
12,Training,http://engadget.com/duis/at/velit.json?vestibulum=volutpat&ante=dui&ipsum=maecenas&primis=tristique&in=est&faucibus=et&orci=tempus&luctus=semper&et=est&ultrices=quam&posuere=pharetra&cubilia=magna&curae=ac&duis=consequat&faucibus=metus&accumsan=sapien&odio=ut&curabitur=nunc&convallis=vestibulum&duis=ante&consequat=ipsum&dui=primis&nec=in&nisi=faucibus&volutpat=orci&eleifend=luctus&donec=et&ut=ultrices&dolor=posuere&morbi=cubilia&vel=curae&lectus=mauris&in=viverra&quam=diam&fringilla=vitae&rhoncus=quam&mauris=suspendisse&enim=potenti&leo=nullam&rhoncus=porttitor&sed=lacus&vestibulum=at&sit=turpis&amet=donec&cursus=posuere&id=metus&turpis=vitae&integer=ipsum&aliquet=aliquam&massa=non&id=mauris&lobortis=morbi&convallis=non&tortor=lectus&risus=aliquam&dapibus=sit&augue=amet&vel=diam&accumsan=in&tellus=magna&nisi=bibendum&eu=imperdiet&orci=nullam&mauris=orci&lacinia=pede&sapien=venenatis&quis=non&libero=sodales&nullam=sed&sit=tincidunt&amet=eu&turpis=felis&elementum=fusce&ligula=posuere&vehicula=felis&consequat=sed&morbi=lacus&a=morbi&ipsum=sem&integer=mauris&a=laoreet&nibh=ut&in=rhoncus&quis=aliquet&justo=pulvinar&maecenas=sed&rhoncus=nisl&aliquam=nunc&lacus=rhoncus&morbi=dui&quis=vel,210-977-3798,rabbetsb@cbsnews.com,San Antonio,Texas
13,Support,http://flavors.me/quam/sapien/varius/ut/blandit.json?arcu=in&adipiscing=tempor&molestie=turpis&hendrerit=nec&at=euismod&vulputate=scelerisque&vitae=quam&nisl=turpis&aenean=adipiscing&lectus=lorem&pellentesque=vitae&eget=mattis&nunc=nibh&donec=ligula&quis=nec&orci=sem&eget=duis&orci=aliquam&vehicula=convallis&condimentum=nunc&curabitur=proin&in=at&libero=turpis&ut=a&massa=pede&volutpat=posuere&convallis=nonummy&morbi=integer&odio=non&odio=velit&elementum=donec&eu=diam&interdum=neque&eu=vestibulum&tincidunt=eget&in=vulputate&leo=ut&maecenas=ultrices&pulvinar=vel&lobortis=augue&est=vestibulum&phasellus=ante&sit=ipsum,513-344-4866,wjenkersonc@dailymotion.com,Cincinnati,Ohio
14,Product Management,http://shinystat.com/ultrices.aspx?non=imperdiet&sodales=sapien&sed=urna&tincidunt=pretium&eu=nisl&felis=ut&fusce=volutpat&posuere=sapien&felis=arcu&sed=sed&lacus=augue&morbi=aliquam&sem=erat&mauris=volutpat&laoreet=in&ut=congue&rhoncus=etiam&aliquet=justo&pulvinar=etiam&sed=pretium&nisl=iaculis&nunc=justo&rhoncus=in&dui=hac&vel=habitasse&sem=platea&sed=dictumst&sagittis=etiam&nam=faucibus&congue=cursus&risus=urna&semper=ut&porta=tellus&volutpat=nulla&quam=ut&pede=erat&lobortis=id&ligula=mauris&sit=vulputate&amet=elementum&eleifend=nullam&pede=varius&libero=nulla&quis=facilisi&orci=cras&nullam=non&molestie=velit&nibh=nec&in=nisi&lectus=vulputate&pellentesque=nonummy&at=maecenas&nulla=tincidunt&suspendisse=lacus&potenti=at&cras=velit&in=vivamus&purus=vel&eu=nulla&magna=eget&vulputate=eros&luctus=elementum&cum=pellentesque&sociis=quisque&natoque=porta&penatibus=volutpat&et=erat&magnis=quisque&dis=erat&parturient=eros&montes=viverra&nascetur=eget&ridiculus=congue&mus=eget&vivamus=semper&vestibulum=rutrum&sagittis=nulla&sapien=nunc&cum=purus,615-320-6226,isteckingsd@yolasite.com,Nashville,Tennessee
15,Sales,https://youtube.com/ut/ultrices.png?nisi=in&venenatis=tempor&tristique=turpis&fusce=nec&congue=euismod&diam=scelerisque&id=quam&ornare=turpis&imperdiet=adipiscing&sapien=lorem&urna=vitae&pretium=mattis&nisl=nibh&ut=ligula&volutpat=nec&sapien=sem&arcu=duis&sed=aliquam&augue=convallis&aliquam=nunc&erat=proin&volutpat=at&in=turpis&congue=a&etiam=pede&justo=posuere&etiam=nonummy&pretium=integer&iaculis=non&justo=velit&in=donec&hac=diam&habitasse=neque,832-536-0781,gcleughere@house.gov,Houston,Texas
16,Engineering,http://cnbc.com/vulputate/ut/ultrices/vel/augue/vestibulum.json?morbi=nulla&vestibulum=nisl&velit=nunc&id=nisl&pretium=duis&iaculis=bibendum&diam=felis&erat=sed&fermentum=interdum&justo=venenatis&nec=turpis&condimentum=enim&neque=blandit&sapien=mi&placerat=in&ante=porttitor&nulla=pede&justo=justo&aliquam=eu&quis=massa&turpis=donec&eget=dapibus&elit=duis&sodales=at&scelerisque=velit&mauris=eu&sit=est&amet=congue&eros=elementum&suspendisse=in&accumsan=hac&tortor=habitasse&quis=platea&turpis=dictumst&sed=morbi&ante=vestibulum&vivamus=velit&tortor=id&duis=pretium&mattis=iaculis&egestas=diam&metus=erat&aenean=fermentum&fermentum=justo&donec=nec&ut=condimentum&mauris=neque&eget=sapien&massa=placerat&tempor=ante&convallis=nulla&nulla=justo&neque=aliquam&libero=quis&convallis=turpis&eget=eget&eleifend=elit&luctus=sodales&ultricies=scelerisque&eu=mauris&nibh=sit&quisque=amet&id=eros&justo=suspendisse&sit=accumsan&amet=tortor&sapien=quis&dignissim=turpis&vestibulum=sed&vestibulum=ante&ante=vivamus&ipsum=tortor&primis=duis&in=mattis&faucibus=egestas&orci=metus&luctus=aenean&et=fermentum&ultrices=donec,720-304-4772,rvasilicf@slashdot.org,Denver,Colorado
17,Marketing,http://thetimes.co.uk/id/lobortis/convallis/tortor/risus/dapibus/augue.js?accumsan=dui&tortor=vel&quis=nisl&turpis=duis&sed=ac&ante=nibh&vivamus=fusce&tortor=lacus,419-319-7935,jbenfordg@vistaprint.com,Toledo,Ohio
18,Training,http://uiuc.edu/ut/massa/volutpat/convallis/morbi.html?libero=nec&ut=sem&massa=duis&volutpat=aliquam&convallis=convallis&morbi=nunc&odio=proin&odio=at&elementum=turpis&eu=a&interdum=pede&eu=posuere&tincidunt=nonummy&in=integer&leo=non&maecenas=velit&pulvinar=donec&lobortis=diam&est=neque&phasellus=vestibulum&sit=eget&amet=vulputate&erat=ut&nulla=ultrices&tempus=vel&vivamus=augue&in=vestibulum&felis=ante&eu=ipsum&sapien=primis&cursus=in&vestibulum=faucibus&proin=orci&eu=luctus&mi=et&nulla=ultrices&ac=posuere&enim=cubilia&in=curae&tempor=donec&turpis=pharetra&nec=magna&euismod=vestibulum&scelerisque=aliquet&quam=ultrices&turpis=erat&adipiscing=tortor&lorem=sollicitudin&vitae=mi&mattis=sit&nibh=amet&ligula=lobortis&nec=sapien&sem=sapien&duis=non&aliquam=mi&convallis=integer&nunc=ac&proin=neque&at=duis&turpis=bibendum&a=morbi,228-588-0862,kmcgowh@e-recht24.de,Gulfport,Mississippi
19,Support,http://hugedomains.com/ante/ipsum.jsp?cras=nulla&non=elit&velit=ac&nec=nulla&nisi=sed&vulputate=vel&nonummy=enim&maecenas=sit&tincidunt=amet&lacus=nunc&at=viverra&velit=dapibus&vivamus=nulla&vel=suscipit&nulla=ligula&eget=in&eros=lacus&elementum=curabitur&pellentesque=at&quisque=ipsum&porta=ac&volutpat=tellus&erat=semper,901-930-3829,merskini@home.pl,Memphis,Tennessee
20,Accounting,http://surveymonkey.com/in.aspx?at=cubilia&nulla=curae&suspendisse=donec&potenti=pharetra&cras=magna&in=vestibulum&purus=aliquet&eu=ultrices&magna=erat&vulputate=tortor&luctus=sollicitudin&cum=mi&sociis=sit&natoque=amet&penatibus=lobortis&et=sapien&magnis=sapien&dis=non&parturient=mi&montes=integer&nascetur=ac&ridiculus=neque&mus=duis&vivamus=bibendum&vestibulum=morbi&sagittis=non&sapien=quam&cum=nec&sociis=dui&natoque=luctus&penatibus=rutrum&et=nulla&magnis=tellus&dis=in&parturient=sagittis&montes=dui&nascetur=vel&ridiculus=nisl&mus=duis&etiam=ac&vel=nibh&augue=fusce&vestibulum=lacus&rutrum=purus&rutrum=aliquet&neque=at&aenean=feugiat&auctor=non&gravida=pretium,916-531-7897,dgrichukhinj@opensource.org,Sacramento,California
21,Research and Development,http://amazon.de/odio.json?in=lacinia&consequat=erat&ut=vestibulum&nulla=sed&sed=magna&accumsan=at&felis=nunc&ut=commodo&at=placerat&dolor=praesent&quis=blandit&odio=nam&consequat=nulla&varius=integer&integer=pede&ac=justo&leo=lacinia&pellentesque=eget&ultrices=tincidunt&mattis=eget&odio=tempus&donec=vel&vitae=pede&nisi=morbi&nam=porttitor&ultrices=lorem&libero=id&non=ligula&mattis=suspendisse&pulvinar=ornare&nulla=consequat&pede=lectus&ullamcorper=in&augue=est&a=risus&suscipit=auctor&nulla=sed&elit=tristique&ac=in&nulla=tempus&sed=sit&vel=amet&enim=sem&sit=fusce&amet=consequat&nunc=nulla&viverra=nisl&dapibus=nunc&nulla=nisl&suscipit=duis,817-336-9105,cdemitrik@unc.edu,Fort Worth,Texas
22,Services,https://woothemes.com/platea/dictumst/aliquam.png?sapien=pede&a=posuere&libero=nonummy&nam=integer&dui=non&proin=velit&leo=donec&odio=diam&porttitor=neque&id=vestibulum&consequat=eget&in=vulputate&consequat=ut&ut=ultrices&nulla=vel&sed=augue&accumsan=vestibulum&felis=ante&ut=ipsum&at=primis&dolor=in&quis=faucibus&odio=orci&consequat=luctus&varius=et&integer=ultrices&ac=posuere&leo=cubilia&pellentesque=curae&ultrices=donec&mattis=pharetra&odio=magna&donec=vestibulum&vitae=aliquet&nisi=ultrices&nam=erat&ultrices=tortor&libero=sollicitudin&non=mi&mattis=sit&pulvinar=amet&nulla=lobortis&pede=sapien&ullamcorper=sapien&augue=non&a=mi&suscipit=integer&nulla=ac&elit=neque&ac=duis&nulla=bibendum&sed=morbi&vel=non&enim=quam,702-259-1607,ttoffanellil@tinypic.com,North Las Vegas,Nevada
23,Legal,https://europa.eu/mollis/molestie/lorem/quisque/ut.js?pulvinar=cras&sed=non&nisl=velit&nunc=nec&rhoncus=nisi&dui=vulputate&vel=nonummy&sem=maecenas&sed=tincidunt&sagittis=lacus&nam=at&congue=velit&risus=vivamus&semper=vel&porta=nulla&volutpat=eget&quam=eros,413-623-0265,gleakem@bloglovin.com,Springfield,Massachusetts
24,Legal,http://tripadvisor.com/vel/pede/morbi/porttitor.js?lobortis=at&ligula=nibh&sit=in&amet=hac&eleifend=habitasse&pede=platea&libero=dictumst&quis=aliquam&orci=augue&nullam=quam&molestie=sollicitudin&nibh=vitae&in=consectetuer&lectus=eget&pellentesque=rutrum&at=at&nulla=lorem,408-549-7169,rferrolin@hostgator.com,San Jose,California
25,Engineering,http://marriott.com/nulla/suscipit.jsp?sapien=mauris&quis=viverra&libero=diam&nullam=vitae&sit=quam&amet=suspendisse&turpis=potenti&elementum=nullam&ligula=porttitor&vehicula=lacus&consequat=at&morbi=turpis&a=donec&ipsum=posuere&integer=metus&a=vitae&nibh=ipsum&in=aliquam&quis=non&justo=mauris&maecenas=morbi&rhoncus=non&aliquam=lectus&lacus=aliquam,203-992-7069,riozefovicho@123-reg.co.uk,Stamford,Connecticut
26,Engineering,http://w3.org/tincidunt/eu/felis/fusce/posuere.aspx?turpis=ante&elementum=ipsum&ligula=primis&vehicula=in&consequat=faucibus&morbi=orci&a=luctus&ipsum=et&integer=ultrices&a=posuere&nibh=cubilia&in=curae&quis=mauris&justo=viverra&maecenas=diam&rhoncus=vitae&aliquam=quam&lacus=suspendisse&morbi=potenti&quis=nullam&tortor=porttitor&id=lacus&nulla=at&ultrices=turpis&aliquet=donec&maecenas=posuere&leo=metus&odio=vitae&condimentum=ipsum&id=aliquam&luctus=non&nec=mauris&molestie=morbi&sed=non&justo=lectus&pellentesque=aliquam&viverra=sit&pede=amet&ac=diam&diam=in&cras=magna&pellentesque=bibendum&volutpat=imperdiet&dui=nullam&maecenas=orci&tristique=pede&est=venenatis&et=non&tempus=sodales&semper=sed&est=tincidunt&quam=eu&pharetra=felis&magna=fusce&ac=posuere&consequat=felis&metus=sed&sapien=lacus&ut=morbi&nunc=sem&vestibulum=mauris&ante=laoreet&ipsum=ut&primis=rhoncus&in=aliquet&faucibus=pulvinar&orci=sed&luctus=nisl&et=nunc&ultrices=rhoncus&posuere=dui&cubilia=vel&curae=sem&mauris=sed&viverra=sagittis,480-435-9858,cbresmanp@ca.gov,Phoenix,Arizona
27,Training,https://flickr.com/rutrum/rutrum/neque/aenean/auctor/gravida/sem.xml?montes=nisl&nascetur=ut&ridiculus=volutpat&mus=sapien&vivamus=arcu&vestibulum=sed&sagittis=augue&sapien=aliquam&cum=erat&sociis=volutpat&natoque=in&penatibus=congue&et=etiam&magnis=justo&dis=etiam&parturient=pretium&montes=iaculis&nascetur=justo&ridiculus=in&mus=hac&etiam=habitasse&vel=platea&augue=dictumst&vestibulum=etiam&rutrum=faucibus&rutrum=cursus&neque=urna&aenean=ut&auctor=tellus&gravida=nulla&sem=ut&praesent=erat&id=id&massa=mauris&id=vulputate&nisl=elementum&venenatis=nullam&lacinia=varius&aenean=nulla&sit=facilisi&amet=cras&justo=non&morbi=velit&ut=nec&odio=nisi&cras=vulputate&mi=nonummy&pede=maecenas&malesuada=tincidunt&in=lacus&imperdiet=at&et=velit,256-971-0317,isimenelq@sciencedirect.com,Anniston,Alabama
28,Training,http://sakura.ne.jp/odio/porttitor/id/consequat/in/consequat/ut.js?felis=hac&ut=habitasse&at=platea&dolor=dictumst&quis=etiam&odio=faucibus&consequat=cursus&varius=urna&integer=ut&ac=tellus&leo=nulla&pellentesque=ut&ultrices=erat&mattis=id&odio=mauris&donec=vulputate&vitae=elementum&nisi=nullam&nam=varius&ultrices=nulla&libero=facilisi&non=cras&mattis=non&pulvinar=velit&nulla=nec&pede=nisi&ullamcorper=vulputate&augue=nonummy&a=maecenas&suscipit=tincidunt&nulla=lacus&elit=at&ac=velit&nulla=vivamus&sed=vel&vel=nulla&enim=eget&sit=eros&amet=elementum&nunc=pellentesque&viverra=quisque&dapibus=porta&nulla=volutpat&suscipit=erat&ligula=quisque&in=erat&lacus=eros&curabitur=viverra&at=eget&ipsum=congue&ac=eget&tellus=semper&semper=rutrum&interdum=nulla&mauris=nunc&ullamcorper=purus&purus=phasellus&sit=in&amet=felis,770-862-8828,bcossorr@usda.gov,Decatur,Georgia
29,Sales,https://cornell.edu/pede.json?nulla=felis&ac=fusce&enim=posuere&in=felis&tempor=sed&turpis=lacus&nec=morbi&euismod=sem&scelerisque=mauris&quam=laoreet&turpis=ut&adipiscing=rhoncus&lorem=aliquet&vitae=pulvinar&mattis=sed&nibh=nisl&ligula=nunc&nec=rhoncus&sem=dui&duis=vel&aliquam=sem&convallis=sed&nunc=sagittis&proin=nam&at=congue&turpis=risus&a=semper&pede=porta&posuere=volutpat&nonummy=quam&integer=pede&non=lobortis&velit=ligula&donec=sit&diam=amet&neque=eleifend&vestibulum=pede&eget=libero&vulputate=quis&ut=orci&ultrices=nullam&vel=molestie&augue=nibh&vestibulum=in&ante=lectus&ipsum=pellentesque&primis=at&in=nulla&faucibus=suspendisse&orci=potenti&luctus=cras&et=in&ultrices=purus&posuere=eu&cubilia=magna&curae=vulputate&donec=luctus&pharetra=cum&magna=sociis&vestibulum=natoque&aliquet=penatibus&ultrices=et&erat=magnis&tortor=dis&sollicitudin=parturient&mi=montes,407-285-2485,aeathertons@uol.com.br,Orlando,Florida
30,Services,http://is.gd/lacus/morbi.json?molestie=pede&hendrerit=justo&at=lacinia&vulputate=eget&vitae=tincidunt&nisl=eget&aenean=tempus&lectus=vel&pellentesque=pede&eget=morbi&nunc=porttitor&donec=lorem&quis=id&orci=ligula&eget=suspendisse&orci=ornare&vehicula=consequat&condimentum=lectus&curabitur=in&in=est&libero=risus&ut=auctor&massa=sed&volutpat=tristique&convallis=in&morbi=tempus&odio=sit&odio=amet&elementum=sem&eu=fusce&interdum=consequat&eu=nulla&tincidunt=nisl&in=nunc&leo=nisl&maecenas=duis&pulvinar=bibendum&lobortis=felis&est=sed&phasellus=interdum&sit=venenatis&amet=turpis&erat=enim&nulla=blandit&tempus=mi&vivamus=in&in=porttitor&felis=pede&eu=justo&sapien=eu&cursus=massa&vestibulum=donec&proin=dapibus&eu=duis&mi=at&nulla=velit&ac=eu&enim=est&in=congue&tempor=elementum&turpis=in&nec=hac&euismod=habitasse&scelerisque=platea&quam=dictumst&turpis=morbi&adipiscing=vestibulum&lorem=velit&vitae=id&mattis=pretium&nibh=iaculis&ligula=diam&nec=erat&sem=fermentum&duis=justo&aliquam=nec&convallis=condimentum&nunc=neque&proin=sapien&at=placerat&turpis=ante&a=nulla&pede=justo,412-617-5201,wknibbst@domainmarket.com,Pittsburgh,Pennsylvania
31,Product Management,https://earthlink.net/rutrum/nulla/tellus.json?iaculis=elit&congue=ac&vivamus=nulla&metus=sed&arcu=vel&adipiscing=enim&molestie=sit,901-784-9150,smcpheatu@storify.com,Memphis,Tennessee
32,Business Development,https://facebook.com/tempus/vel/pede/morbi.js?eget=felis&congue=sed&eget=interdum&semper=venenatis&rutrum=turpis&nulla=enim&nunc=blandit&purus=mi&phasellus=in&in=porttitor&felis=pede&donec=justo&semper=eu&sapien=massa&a=donec&libero=dapibus&nam=duis&dui=at&proin=velit&leo=eu,203-507-1348,jcroftsv@typepad.com,Bridgeport,Connecticut
33,Training,https://fotki.com/in/faucibus/orci.jsp?eleifend=venenatis&pede=tristique&libero=fusce&quis=congue&orci=diam&nullam=id&molestie=ornare&nibh=imperdiet&in=sapien&lectus=urna&pellentesque=pretium&at=nisl&nulla=ut&suspendisse=volutpat&potenti=sapien&cras=arcu&in=sed&purus=augue&eu=aliquam&magna=erat&vulputate=volutpat&luctus=in&cum=congue&sociis=etiam&natoque=justo&penatibus=etiam&et=pretium&magnis=iaculis&dis=justo&parturient=in&montes=hac&nascetur=habitasse&ridiculus=platea&mus=dictumst&vivamus=etiam&vestibulum=faucibus&sagittis=cursus&sapien=urna&cum=ut&sociis=tellus&natoque=nulla&penatibus=ut&et=erat&magnis=id&dis=mauris&parturient=vulputate&montes=elementum&nascetur=nullam&ridiculus=varius&mus=nulla&etiam=facilisi&vel=cras&augue=non&vestibulum=velit&rutrum=nec&rutrum=nisi&neque=vulputate&aenean=nonummy,251-635-6939,gknowltonw@quantcast.com,Mobile,Alabama
34,Human Resources,http://simplemachines.org/nulla/quisque/arcu/libero.json?dolor=dolor&morbi=sit&vel=amet&lectus=consectetuer&in=adipiscing&quam=elit&fringilla=proin&rhoncus=risus&mauris=praesent&enim=lectus&leo=vestibulum&rhoncus=quam&sed=sapien&vestibulum=varius&sit=ut&amet=blandit&cursus=non&id=interdum&turpis=in&integer=ante&aliquet=vestibulum&massa=ante&id=ipsum&lobortis=primis&convallis=in&tortor=faucibus&risus=orci&dapibus=luctus&augue=et&vel=ultrices&accumsan=posuere&tellus=cubilia&nisi=curae&eu=duis&orci=faucibus&mauris=accumsan&lacinia=odio&sapien=curabitur&quis=convallis&libero=duis&nullam=consequat&sit=dui&amet=nec&turpis=nisi&elementum=volutpat&ligula=eleifend&vehicula=donec&consequat=ut&morbi=dolor&a=morbi&ipsum=vel&integer=lectus&a=in&nibh=quam&in=fringilla&quis=rhoncus&justo=mauris&maecenas=enim&rhoncus=leo&aliquam=rhoncus&lacus=sed&morbi=vestibulum&quis=sit&tortor=amet&id=cursus&nulla=id&ultrices=turpis&aliquet=integer&maecenas=aliquet&leo=massa&odio=id&condimentum=lobortis&id=convallis&luctus=tortor&nec=risus&molestie=dapibus&sed=augue&justo=vel&pellentesque=accumsan&viverra=tellus&pede=nisi&ac=eu&diam=orci&cras=mauris&pellentesque=lacinia&volutpat=sapien&dui=quis&maecenas=libero,520-670-8748,llinnettx@webs.com,Tucson,Arizona
35,Legal,https://army.mil/morbi/vestibulum/velit/id/pretium/iaculis/diam.aspx?eu=pretium&magna=quis&vulputate=lectus&luctus=suspendisse&cum=potenti&sociis=in&natoque=eleifend&penatibus=quam&et=a&magnis=odio&dis=in&parturient=hac&montes=habitasse&nascetur=platea&ridiculus=dictumst&mus=maecenas&vivamus=ut&vestibulum=massa&sagittis=quis&sapien=augue&cum=luctus&sociis=tincidunt&natoque=nulla&penatibus=mollis&et=molestie&magnis=lorem&dis=quisque&parturient=ut&montes=erat&nascetur=curabitur&ridiculus=gravida&mus=nisi&etiam=at&vel=nibh,251-780-1191,blermouthy@toplist.cz,Mobile,Alabama
36,Training,http://wisc.edu/dapibus/at/diam/nam.aspx?felis=at&sed=vulputate&lacus=vitae&morbi=nisl&sem=aenean&mauris=lectus&laoreet=pellentesque&ut=eget&rhoncus=nunc&aliquet=donec&pulvinar=quis&sed=orci&nisl=eget&nunc=orci&rhoncus=vehicula&dui=condimentum&vel=curabitur&sem=in&sed=libero&sagittis=ut&nam=massa&congue=volutpat&risus=convallis&semper=morbi&porta=odio&volutpat=odio&quam=elementum&pede=eu&lobortis=interdum&ligula=eu&sit=tincidunt&amet=in&eleifend=leo&pede=maecenas&libero=pulvinar&quis=lobortis&orci=est&nullam=phasellus&molestie=sit&nibh=amet&in=erat&lectus=nulla&pellentesque=tempus&at=vivamus&nulla=in&suspendisse=felis&potenti=eu&cras=sapien&in=cursus&purus=vestibulum&eu=proin&magna=eu&vulputate=mi&luctus=nulla&cum=ac&sociis=enim&natoque=in&penatibus=tempor&et=turpis&magnis=nec&dis=euismod&parturient=scelerisque&montes=quam&nascetur=turpis&ridiculus=adipiscing&mus=lorem&vivamus=vitae&vestibulum=mattis&sagittis=nibh&sapien=ligula&cum=nec&sociis=sem&natoque=duis&penatibus=aliquam&et=convallis&magnis=nunc&dis=proin&parturient=at,260-225-5456,fchuckz@hhs.gov,Fort Wayne,Indiana
37,Sales,http://constantcontact.com/pulvinar/lobortis/est/phasellus/sit.aspx?et=blandit&ultrices=lacinia&posuere=erat&cubilia=vestibulum&curae=sed&donec=magna&pharetra=at&magna=nunc&vestibulum=commodo&aliquet=placerat&ultrices=praesent&erat=blandit&tortor=nam&sollicitudin=nulla&mi=integer,504-839-4223,pschruurs10@howstuffworks.com,New Orleans,Louisiana
38,Services,http://google.it/in.aspx?urna=natoque&ut=penatibus&tellus=et&nulla=magnis&ut=dis&erat=parturient&id=montes&mauris=nascetur&vulputate=ridiculus&elementum=mus&nullam=vivamus&varius=vestibulum&nulla=sagittis&facilisi=sapien&cras=cum&non=sociis&velit=natoque&nec=penatibus&nisi=et&vulputate=magnis&nonummy=dis&maecenas=parturient&tincidunt=montes&lacus=nascetur&at=ridiculus&velit=mus&vivamus=etiam&vel=vel&nulla=augue&eget=vestibulum&eros=rutrum&elementum=rutrum&pellentesque=neque&quisque=aenean&porta=auctor&volutpat=gravida&erat=sem&quisque=praesent&erat=id&eros=massa&viverra=id&eget=nisl&congue=venenatis&eget=lacinia&semper=aenean&rutrum=sit&nulla=amet&nunc=justo&purus=morbi&phasellus=ut&in=odio&felis=cras&donec=mi&semper=pede&sapien=malesuada&a=in&libero=imperdiet&nam=et&dui=commodo&proin=vulputate&leo=justo&odio=in&porttitor=blandit&id=ultrices&consequat=enim&in=lorem&consequat=ipsum&ut=dolor&nulla=sit&sed=amet&accumsan=consectetuer&felis=adipiscing&ut=elit&at=proin&dolor=interdum&quis=mauris&odio=non&consequat=ligula&varius=pellentesque&integer=ultrices&ac=phasellus&leo=id&pellentesque=sapien&ultrices=in&mattis=sapien&odio=iaculis&donec=congue&vitae=vivamus&nisi=metus&nam=arcu&ultrices=adipiscing&libero=molestie&non=hendrerit&mattis=at&pulvinar=vulputate,512-737-4820,cquartermain11@google.com.au,Austin,Texas
39,Legal,https://spotify.com/in/felis/eu/sapien/cursus/vestibulum/proin.jpg?duis=arcu&bibendum=adipiscing&morbi=molestie&non=hendrerit&quam=at&nec=vulputate&dui=vitae&luctus=nisl&rutrum=aenean&nulla=lectus&tellus=pellentesque&in=eget&sagittis=nunc&dui=donec&vel=quis&nisl=orci&duis=eget&ac=orci&nibh=vehicula&fusce=condimentum&lacus=curabitur&purus=in&aliquet=libero&at=ut&feugiat=massa&non=volutpat&pretium=convallis&quis=morbi&lectus=odio&suspendisse=odio&potenti=elementum&in=eu&eleifend=interdum&quam=eu&a=tincidunt&odio=in&in=leo&hac=maecenas&habitasse=pulvinar&platea=lobortis&dictumst=est&maecenas=phasellus&ut=sit&massa=amet&quis=erat&augue=nulla&luctus=tempus&tincidunt=vivamus&nulla=in&mollis=felis&molestie=eu&lorem=sapien&quisque=cursus&ut=vestibulum&erat=proin&curabitur=eu&gravida=mi&nisi=nulla&at=ac&nibh=enim&in=in&hac=tempor&habitasse=turpis,214-757-5780,tpothbury12@hud.gov,Dallas,Texas
40,Sales,https://unicef.org/turpis/nec/euismod/scelerisque/quam/turpis.js?vestibulum=tortor&proin=risus&eu=dapibus&mi=augue&nulla=vel&ac=accumsan&enim=tellus&in=nisi&tempor=eu&turpis=orci&nec=mauris&euismod=lacinia&scelerisque=sapien&quam=quis&turpis=libero&adipiscing=nullam&lorem=sit&vitae=amet&mattis=turpis&nibh=elementum&ligula=ligula&nec=vehicula&sem=consequat&duis=morbi&aliquam=a&convallis=ipsum&nunc=integer&proin=a&at=nibh&turpis=in&a=quis&pede=justo&posuere=maecenas&nonummy=rhoncus&integer=aliquam&non=lacus&velit=morbi&donec=quis&diam=tortor&neque=id&vestibulum=nulla&eget=ultrices&vulputate=aliquet&ut=maecenas&ultrices=leo&vel=odio&augue=condimentum&vestibulum=id&ante=luctus&ipsum=nec&primis=molestie&in=sed&faucibus=justo&orci=pellentesque&luctus=viverra&et=pede&ultrices=ac&posuere=diam&cubilia=cras&curae=pellentesque&donec=volutpat&pharetra=dui&magna=maecenas&vestibulum=tristique&aliquet=est&ultrices=et&erat=tempus&tortor=semper&sollicitudin=est&mi=quam&sit=pharetra&amet=magna&lobortis=ac&sapien=consequat&sapien=metus&non=sapien&mi=ut&integer=nunc&ac=vestibulum&neque=ante&duis=ipsum&bibendum=primis&morbi=in&non=faucibus&quam=orci&nec=luctus&dui=et&luctus=ultrices&rutrum=posuere&nulla=cubilia&tellus=curae&in=mauris&sagittis=viverra&dui=diam&vel=vitae,602-149-5968,kbursnoll13@lycos.com,Peoria,Arizona
41,Accounting,https://oracle.com/felis/ut/at/dolor/quis/odio.xml?hendrerit=nisi&at=at&vulputate=nibh&vitae=in&nisl=hac&aenean=habitasse&lectus=platea&pellentesque=dictumst&eget=aliquam&nunc=augue&donec=quam&quis=sollicitudin&orci=vitae&eget=consectetuer&orci=eget&vehicula=rutrum&condimentum=at&curabitur=lorem&in=integer&libero=tincidunt&ut=ante&massa=vel&volutpat=ipsum&convallis=praesent&morbi=blandit&odio=lacinia&odio=erat&elementum=vestibulum&eu=sed&interdum=magna&eu=at&tincidunt=nunc&in=commodo&leo=placerat&maecenas=praesent&pulvinar=blandit&lobortis=nam&est=nulla&phasellus=integer&sit=pede&amet=justo&erat=lacinia&nulla=eget&tempus=tincidunt&vivamus=eget&in=tempus&felis=vel&eu=pede&sapien=morbi&cursus=porttitor&vestibulum=lorem&proin=id&eu=ligula&mi=suspendisse&nulla=ornare&ac=consequat&enim=lectus&in=in&tempor=est&turpis=risus&nec=auctor&euismod=sed&scelerisque=tristique&quam=in&turpis=tempus&adipiscing=sit&lorem=amet&vitae=sem&mattis=fusce&nibh=consequat&ligula=nulla&nec=nisl&sem=nunc&duis=nisl&aliquam=duis&convallis=bibendum&nunc=felis&proin=sed&at=interdum&turpis=venenatis,561-255-6085,kgreenlees14@hud.gov,West Palm Beach,Florida
42,Human Resources,http://vinaora.com/maecenas.jpg?nulla=ultrices,212-130-3230,lbracco15@last.fm,New York City,New York
43,Legal,https://sun.com/cum/sociis/natoque/penatibus/et.js?nec=mauris&dui=eget&luctus=massa&rutrum=tempor,941-919-3859,kdaintrey16@amazonaws.com,Port Charlotte,Florida
44,Product Management,http://a8.net/quisque/arcu/libero/rutrum/ac/lobortis.jsp?proin=et&eu=magnis&mi=dis&nulla=parturient&ac=montes&enim=nascetur&in=ridiculus&tempor=mus&turpis=vivamus&nec=vestibulum&euismod=sagittis&scelerisque=sapien&quam=cum&turpis=sociis&adipiscing=natoque&lorem=penatibus&vitae=et&mattis=magnis&nibh=dis,713-171-8540,ibene17@cam.ac.uk,Houston,Texas
45,Research and Development,http://sogou.com/libero.jpg?interdum=sollicitudin&eu=vitae&tincidunt=consectetuer&in=eget&leo=rutrum&maecenas=at&pulvinar=lorem&lobortis=integer&est=tincidunt&phasellus=ante&sit=vel&amet=ipsum&erat=praesent&nulla=blandit&tempus=lacinia&vivamus=erat&in=vestibulum&felis=sed&eu=magna&sapien=at&cursus=nunc&vestibulum=commodo&proin=placerat&eu=praesent&mi=blandit&nulla=nam&ac=nulla&enim=integer&in=pede&tempor=justo&turpis=lacinia&nec=eget&euismod=tincidunt&scelerisque=eget&quam=tempus&turpis=vel&adipiscing=pede&lorem=morbi&vitae=porttitor&mattis=lorem&nibh=id&ligula=ligula&nec=suspendisse&sem=ornare&duis=consequat&aliquam=lectus&convallis=in&nunc=est&proin=risus&at=auctor&turpis=sed&a=tristique&pede=in&posuere=tempus&nonummy=sit&integer=amet&non=sem&velit=fusce&donec=consequat&diam=nulla&neque=nisl&vestibulum=nunc&eget=nisl&vulputate=duis&ut=bibendum&ultrices=felis&vel=sed&augue=interdum&vestibulum=venenatis&ante=turpis&ipsum=enim&primis=blandit&in=mi&faucibus=in&orci=porttitor&luctus=pede&et=justo,202-831-8265,lswainson18@state.gov,Bethesda,Maryland
46,Engineering,http://e-recht24.de/fermentum/justo/nec/condimentum/neque/sapien.html?id=massa&luctus=quis&nec=augue&molestie=luctus&sed=tincidunt&justo=nulla&pellentesque=mollis&viverra=molestie&pede=lorem&ac=quisque&diam=ut&cras=erat&pellentesque=curabitur&volutpat=gravida&dui=nisi&maecenas=at&tristique=nibh&est=in&et=hac&tempus=habitasse&semper=platea&est=dictumst&quam=aliquam&pharetra=augue&magna=quam&ac=sollicitudin&consequat=vitae&metus=consectetuer&sapien=eget&ut=rutrum&nunc=at&vestibulum=lorem&ante=integer,646-111-8467,mgiddins19@blogspot.com,New York City,New York
47,Legal,http://opera.com/cras/in/purus.json?quisque=dictumst&ut=maecenas&erat=ut&curabitur=massa&gravida=quis&nisi=augue&at=luctus&nibh=tincidunt&in=nulla&hac=mollis&habitasse=molestie&platea=lorem&dictumst=quisque&aliquam=ut&augue=erat&quam=curabitur&sollicitudin=gravida&vitae=nisi&consectetuer=at&eget=nibh&rutrum=in&at=hac&lorem=habitasse&integer=platea&tincidunt=dictumst&ante=aliquam&vel=augue&ipsum=quam&praesent=sollicitudin&blandit=vitae&lacinia=consectetuer&erat=eget&vestibulum=rutrum&sed=at&magna=lorem&at=integer&nunc=tincidunt&commodo=ante&placerat=vel&praesent=ipsum&blandit=praesent&nam=blandit&nulla=lacinia&integer=erat&pede=vestibulum&justo=sed&lacinia=magna&eget=at&tincidunt=nunc&eget=commodo&tempus=placerat&vel=praesent&pede=blandit&morbi=nam&porttitor=nulla&lorem=integer&id=pede&ligula=justo&suspendisse=lacinia&ornare=eget&consequat=tincidunt&lectus=eget,714-670-6845,xgraser1a@reuters.com,Santa Ana,California
48,Legal,https://statcounter.com/pellentesque/quisque/porta.png?non=porttitor&mauris=lacus&morbi=at&non=turpis&lectus=donec&aliquam=posuere&sit=metus&amet=vitae&diam=ipsum&in=aliquam&magna=non&bibendum=mauris&imperdiet=morbi&nullam=non&orci=lectus&pede=aliquam&venenatis=sit&non=amet&sodales=diam&sed=in&tincidunt=magna&eu=bibendum,703-446-9234,rstit1b@usa.gov,Alexandria,Virginia
49,Training,http://sohu.com/etiam/faucibus/cursus/urna/ut/tellus/nulla.aspx?maecenas=metus&leo=aenean&odio=fermentum&condimentum=donec&id=ut&luctus=mauris&nec=eget&molestie=massa&sed=tempor&justo=convallis&pellentesque=nulla&viverra=neque&pede=libero&ac=convallis&diam=eget&cras=eleifend&pellentesque=luctus&volutpat=ultricies&dui=eu&maecenas=nibh&tristique=quisque&est=id&et=justo&tempus=sit&semper=amet&est=sapien&quam=dignissim&pharetra=vestibulum&magna=vestibulum&ac=ante&consequat=ipsum&metus=primis&sapien=in&ut=faucibus&nunc=orci&vestibulum=luctus&ante=et&ipsum=ultrices&primis=posuere&in=cubilia&faucibus=curae&orci=nulla&luctus=dapibus&et=dolor&ultrices=vel&posuere=est&cubilia=donec&curae=odio&mauris=justo&viverra=sollicitudin&diam=ut&vitae=suscipit&quam=a&suspendisse=feugiat&potenti=et&nullam=eros&porttitor=vestibulum&lacus=ac&at=est&turpis=lacinia&donec=nisi&posuere=venenatis&metus=tristique&vitae=fusce&ipsum=congue&aliquam=diam&non=id&mauris=ornare&morbi=imperdiet&non=sapien&lectus=urna&aliquam=pretium&sit=nisl&amet=ut&diam=volutpat&in=sapien&magna=arcu&bibendum=sed,919-425-1665,jcleen1c@furl.net,Raleigh,North Carolina
50,Sales,https://mozilla.com/elementum/ligula/vehicula/consequat/morbi.jsp?volutpat=erat&convallis=volutpat&morbi=in&odio=congue&odio=etiam&elementum=justo&eu=etiam&interdum=pretium&eu=iaculis&tincidunt=justo,805-545-9029,cdulling1d@google.pl,Santa Barbara,California
51,Support,http://mozilla.org/sapien/cum/sociis.html?bibendum=id&morbi=sapien&non=in&quam=sapien&nec=iaculis&dui=congue&luctus=vivamus&rutrum=metus&nulla=arcu&tellus=adipiscing&in=molestie&sagittis=hendrerit&dui=at&vel=vulputate&nisl=vitae&duis=nisl&ac=aenean&nibh=lectus&fusce=pellentesque&lacus=eget&purus=nunc&aliquet=donec&at=quis&feugiat=orci&non=eget&pretium=orci&quis=vehicula&lectus=condimentum&suspendisse=curabitur&potenti=in&in=libero&eleifend=ut&quam=massa&a=volutpat&odio=convallis,202-114-0650,glondsdale1e@google.pl,Washington,District of Columbia
52,Sales,https://mapquest.com/mauris/vulputate.jsp?nisl=dis&duis=parturient&ac=montes&nibh=nascetur&fusce=ridiculus&lacus=mus&purus=vivamus&aliquet=vestibulum&at=sagittis&feugiat=sapien&non=cum&pretium=sociis&quis=natoque&lectus=penatibus&suspendisse=et&potenti=magnis&in=dis&eleifend=parturient&quam=montes&a=nascetur&odio=ridiculus&in=mus&hac=etiam&habitasse=vel&platea=augue&dictumst=vestibulum&maecenas=rutrum&ut=rutrum&massa=neque&quis=aenean&augue=auctor&luctus=gravida&tincidunt=sem&nulla=praesent&mollis=id&molestie=massa&lorem=id&quisque=nisl&ut=venenatis&erat=lacinia&curabitur=aenean&gravida=sit&nisi=amet&at=justo&nibh=morbi&in=ut&hac=odio&habitasse=cras&platea=mi&dictumst=pede&aliquam=malesuada&augue=in&quam=imperdiet&sollicitudin=et&vitae=commodo&consectetuer=vulputate&eget=justo&rutrum=in&at=blandit&lorem=ultrices&integer=enim&tincidunt=lorem,843-829-6751,adrews1f@pbs.org,Florence,South Carolina
53,Product Management,http://elegantthemes.com/enim/lorem/ipsum/dolor/sit/amet/consectetuer.jpg?interdum=nec&in=molestie&ante=sed&vestibulum=justo&ante=pellentesque&ipsum=viverra&primis=pede&in=ac&faucibus=diam&orci=cras&luctus=pellentesque&et=volutpat&ultrices=dui&posuere=maecenas&cubilia=tristique,775-825-1288,mbristow1g@scientificamerican.com,Reno,Nevada
54,Engineering,https://uol.com.br/justo.xml?potenti=tristique&cras=est&in=et&purus=tempus&eu=semper&magna=est&vulputate=quam&luctus=pharetra&cum=magna&sociis=ac&natoque=consequat&penatibus=metus&et=sapien&magnis=ut,408-955-4370,gbarukh1h@omniture.com,San Jose,California
55,Training,https://examiner.com/eu.html?justo=lectus&eu=suspendisse&massa=potenti&donec=in&dapibus=eleifend&duis=quam&at=a&velit=odio&eu=in&est=hac&congue=habitasse&elementum=platea&in=dictumst&hac=maecenas&habitasse=ut&platea=massa&dictumst=quis&morbi=augue&vestibulum=luctus&velit=tincidunt&id=nulla&pretium=mollis&iaculis=molestie&diam=lorem&erat=quisque&fermentum=ut&justo=erat&nec=curabitur&condimentum=gravida&neque=nisi&sapien=at&placerat=nibh&ante=in&nulla=hac&justo=habitasse&aliquam=platea&quis=dictumst&turpis=aliquam&eget=augue&elit=quam&sodales=sollicitudin&scelerisque=vitae&mauris=consectetuer&sit=eget&amet=rutrum&eros=at&suspendisse=lorem&accumsan=integer&tortor=tincidunt&quis=ante&turpis=vel&sed=ipsum&ante=praesent&vivamus=blandit&tortor=lacinia&duis=erat&mattis=vestibulum&egestas=sed&metus=magna&aenean=at&fermentum=nunc&donec=commodo&ut=placerat&mauris=praesent&eget=blandit&massa=nam&tempor=nulla&convallis=integer&nulla=pede&neque=justo&libero=lacinia&convallis=eget&eget=tincidunt&eleifend=eget&luctus=tempus&ultricies=vel&eu=pede&nibh=morbi&quisque=porttitor&id=lorem&justo=id&sit=ligula&amet=suspendisse&sapien=ornare&dignissim=consequat&vestibulum=lectus&vestibulum=in&ante=est&ipsum=risus&primis=auctor&in=sed&faucibus=tristique&orci=in&luctus=tempus&et=sit&ultrices=amet,812-485-3382,ecasebourne1i@economist.com,Bloomington,Indiana
56,Marketing,http://technorati.com/nibh.js?vel=cum&nulla=sociis&eget=natoque&eros=penatibus&elementum=et&pellentesque=magnis&quisque=dis&porta=parturient&volutpat=montes&erat=nascetur&quisque=ridiculus&erat=mus&eros=vivamus&viverra=vestibulum&eget=sagittis&congue=sapien&eget=cum&semper=sociis&rutrum=natoque&nulla=penatibus&nunc=et&purus=magnis&phasellus=dis&in=parturient&felis=montes&donec=nascetur&semper=ridiculus&sapien=mus&a=etiam&libero=vel&nam=augue&dui=vestibulum&proin=rutrum&leo=rutrum&odio=neque&porttitor=aenean&id=auctor&consequat=gravida&in=sem&consequat=praesent&ut=id&nulla=massa&sed=id&accumsan=nisl&felis=venenatis&ut=lacinia&at=aenean&dolor=sit&quis=amet&odio=justo&consequat=morbi&varius=ut&integer=odio&ac=cras&leo=mi&pellentesque=pede,304-910-7666,hsambals1j@unblog.fr,Huntington,West Virginia
57,Support,http://networksolutions.com/mauris/enim/leo/rhoncus.html?dis=rhoncus,808-699-7078,wdessant1k@unc.edu,Honolulu,Hawaii
58,Services,http://typepad.com/ut/mauris/eget/massa.html?vestibulum=blandit&vestibulum=lacinia&ante=erat&ipsum=vestibulum&primis=sed&in=magna&faucibus=at&orci=nunc&luctus=commodo&et=placerat&ultrices=praesent&posuere=blandit&cubilia=nam&curae=nulla&nulla=integer&dapibus=pede&dolor=justo&vel=lacinia&est=eget&donec=tincidunt&odio=eget&justo=tempus&sollicitudin=vel&ut=pede&suscipit=morbi&a=porttitor&feugiat=lorem&et=id&eros=ligula&vestibulum=suspendisse&ac=ornare&est=consequat&lacinia=lectus&nisi=in&venenatis=est&tristique=risus&fusce=auctor&congue=sed&diam=tristique&id=in&ornare=tempus&imperdiet=sit&sapien=amet&urna=sem&pretium=fusce&nisl=consequat&ut=nulla,704-791-2154,cburstowe1l@prweb.com,Charlotte,North Carolina
59,Support,http://shareasale.com/condimentum/curabitur.jpg?luctus=imperdiet&tincidunt=et&nulla=commodo&mollis=vulputate&molestie=justo&lorem=in&quisque=blandit&ut=ultrices&erat=enim&curabitur=lorem&gravida=ipsum&nisi=dolor&at=sit&nibh=amet&in=consectetuer&hac=adipiscing,803-560-4598,lpallister1m@nps.gov,Columbia,South Carolina
60,Sales,http://example.com/cursus/vestibulum/proin/eu/mi.html?hac=mauris&habitasse=viverra&platea=diam&dictumst=vitae&maecenas=quam&ut=suspendisse&massa=potenti&quis=nullam&augue=porttitor&luctus=lacus&tincidunt=at&nulla=turpis&mollis=donec&molestie=posuere&lorem=metus&quisque=vitae&ut=ipsum&erat=aliquam&curabitur=non&gravida=mauris&nisi=morbi&at=non&nibh=lectus&in=aliquam&hac=sit&habitasse=amet&platea=diam&dictumst=in&aliquam=magna&augue=bibendum&quam=imperdiet&sollicitudin=nullam&vitae=orci&consectetuer=pede&eget=venenatis&rutrum=non&at=sodales&lorem=sed&integer=tincidunt&tincidunt=eu&ante=felis&vel=fusce&ipsum=posuere&praesent=felis&blandit=sed&lacinia=lacus&erat=morbi,215-248-9361,egreet1n@edublogs.org,Philadelphia,Pennsylvania
61,Product Management,http://techcrunch.com/sit/amet/justo/morbi.xml?ligula=non&vehicula=velit&consequat=donec&morbi=diam&a=neque&ipsum=vestibulum&integer=eget&a=vulputate&nibh=ut&in=ultrices&quis=vel&justo=augue&maecenas=vestibulum&rhoncus=ante&aliquam=ipsum&lacus=primis&morbi=in&quis=faucibus&tortor=orci&id=luctus&nulla=et&ultrices=ultrices&aliquet=posuere&maecenas=cubilia&leo=curae&odio=donec&condimentum=pharetra&id=magna&luctus=vestibulum&nec=aliquet&molestie=ultrices&sed=erat&justo=tortor&pellentesque=sollicitudin&viverra=mi&pede=sit&ac=amet&diam=lobortis&cras=sapien&pellentesque=sapien&volutpat=non&dui=mi&maecenas=integer&tristique=ac&est=neque&et=duis&tempus=bibendum&semper=morbi&est=non&quam=quam&pharetra=nec&magna=dui&ac=luctus&consequat=rutrum&metus=nulla&sapien=tellus&ut=in&nunc=sagittis&vestibulum=dui&ante=vel&ipsum=nisl&primis=duis&in=ac&faucibus=nibh&orci=fusce&luctus=lacus&et=purus&ultrices=aliquet&posuere=at&cubilia=feugiat&curae=non&mauris=pretium&viverra=quis&diam=lectus&vitae=suspendisse&quam=potenti&suspendisse=in&potenti=eleifend&nullam=quam&porttitor=a&lacus=odio&at=in&turpis=hac&donec=habitasse&posuere=platea&metus=dictumst&vitae=maecenas&ipsum=ut&aliquam=massa&non=quis&mauris=augue&morbi=luctus&non=tincidunt&lectus=nulla&aliquam=mollis,602-601-0267,amithan1o@examiner.com,Mesa,Arizona
62,Training,https://thetimes.co.uk/vitae/consectetuer/eget/rutrum/at/lorem.json?ut=phasellus&mauris=in&eget=felis&massa=donec&tempor=semper&convallis=sapien&nulla=a&neque=libero&libero=nam&convallis=dui&eget=proin&eleifend=leo&luctus=odio&ultricies=porttitor&eu=id&nibh=consequat&quisque=in&id=consequat&justo=ut&sit=nulla&amet=sed&sapien=accumsan&dignissim=felis&vestibulum=ut&vestibulum=at&ante=dolor&ipsum=quis&primis=odio&in=consequat&faucibus=varius&orci=integer&luctus=ac&et=leo&ultrices=pellentesque&posuere=ultrices&cubilia=mattis&curae=odio&nulla=donec&dapibus=vitae&dolor=nisi&vel=nam&est=ultrices&donec=libero&odio=non&justo=mattis&sollicitudin=pulvinar&ut=nulla&suscipit=pede&a=ullamcorper&feugiat=augue&et=a&eros=suscipit&vestibulum=nulla&ac=elit&est=ac&lacinia=nulla&nisi=sed&venenatis=vel&tristique=enim&fusce=sit&congue=amet&diam=nunc&id=viverra&ornare=dapibus&imperdiet=nulla&sapien=suscipit,617-490-3904,sbavridge1p@princeton.edu,Boston,Massachusetts
63,Sales,http://shutterfly.com/dui/nec/nisi/volutpat/eleifend.html?turpis=posuere&eget=cubilia&elit=curae&sodales=nulla&scelerisque=dapibus&mauris=dolor&sit=vel&amet=est&eros=donec,731-752-2768,gpankhurst1q@squidoo.com,Jackson,Tennessee
64,Business Development,https://constantcontact.com/at/nibh/in/hac/habitasse/platea/dictumst.json?sem=libero&sed=nam&sagittis=dui&nam=proin&congue=leo&risus=odio&semper=porttitor&porta=id&volutpat=consequat&quam=in&pede=consequat&lobortis=ut&ligula=nulla&sit=sed&amet=accumsan&eleifend=felis&pede=ut&libero=at&quis=dolor&orci=quis&nullam=odio&molestie=consequat,571-497-6187,arennocks1r@umich.edu,Fairfax,Virginia
65,Training,https://meetup.com/tincidunt/eget/tempus/vel/pede/morbi/porttitor.jpg?augue=non&aliquam=mi&erat=integer&volutpat=ac&in=neque&congue=duis&etiam=bibendum&justo=morbi&etiam=non&pretium=quam&iaculis=nec&justo=dui&in=luctus&hac=rutrum&habitasse=nulla&platea=tellus&dictumst=in&etiam=sagittis&faucibus=dui&cursus=vel&urna=nisl&ut=duis&tellus=ac&nulla=nibh&ut=fusce&erat=lacus&id=purus&mauris=aliquet&vulputate=at&elementum=feugiat&nullam=non&varius=pretium,509-598-0566,rtoothill1s@japanpost.jp,Spokane,Washington
66,Training,http://hud.gov/rutrum/ac/lobortis/vel/dapibus/at.xml?suspendisse=fermentum&potenti=justo&cras=nec&in=condimentum&purus=neque&eu=sapien&magna=placerat&vulputate=ante&luctus=nulla&cum=justo&sociis=aliquam&natoque=quis&penatibus=turpis&et=eget&magnis=elit&dis=sodales&parturient=scelerisque&montes=mauris&nascetur=sit&ridiculus=amet&mus=eros&vivamus=suspendisse&vestibulum=accumsan&sagittis=tortor&sapien=quis&cum=turpis&sociis=sed&natoque=ante,843-894-8953,wluton1t@friendfeed.com,Charleston,South Carolina
67,Accounting,http://barnesandnoble.com/habitasse.jpg?mi=mattis&in=nibh&porttitor=ligula&pede=nec&justo=sem&eu=duis&massa=aliquam&donec=convallis&dapibus=nunc&duis=proin&at=at&velit=turpis&eu=a&est=pede&congue=posuere&elementum=nonummy&in=integer&hac=non&habitasse=velit&platea=donec&dictumst=diam&morbi=neque&vestibulum=vestibulum&velit=eget&id=vulputate&pretium=ut&iaculis=ultrices&diam=vel&erat=augue&fermentum=vestibulum&justo=ante&nec=ipsum&condimentum=primis&neque=in&sapien=faucibus&placerat=orci&ante=luctus&nulla=et&justo=ultrices&aliquam=posuere&quis=cubilia&turpis=curae&eget=donec&elit=pharetra&sodales=magna&scelerisque=vestibulum&mauris=aliquet&sit=ultrices&amet=erat&eros=tortor&suspendisse=sollicitudin&accumsan=mi&tortor=sit&quis=amet&turpis=lobortis&sed=sapien&ante=sapien&vivamus=non&tortor=mi&duis=integer&mattis=ac&egestas=neque&metus=duis&aenean=bibendum&fermentum=morbi&donec=non&ut=quam&mauris=nec&eget=dui&massa=luctus&tempor=rutrum&convallis=nulla&nulla=tellus&neque=in&libero=sagittis&convallis=dui&eget=vel&eleifend=nisl&luctus=duis&ultricies=ac&eu=nibh&nibh=fusce&quisque=lacus&id=purus&justo=aliquet&sit=at&amet=feugiat&sapien=non&dignissim=pretium&vestibulum=quis&vestibulum=lectus&ante=suspendisse,561-655-8722,akulvear1u@mlb.com,Boca Raton,Florida
68,Sales,https://youtube.com/proin/leo/odio/porttitor/id/consequat/in.xml?risus=adipiscing&auctor=molestie&sed=hendrerit&tristique=at&in=vulputate&tempus=vitae&sit=nisl&amet=aenean&sem=lectus,718-374-5166,gfillan1v@jiathis.com,Bronx,New York
69,Legal,https://miibeian.gov.cn/ut/massa/volutpat.aspx?urna=aliquam&ut=quis&tellus=turpis&nulla=eget&ut=elit&erat=sodales&id=scelerisque&mauris=mauris&vulputate=sit&elementum=amet&nullam=eros&varius=suspendisse&nulla=accumsan&facilisi=tortor&cras=quis&non=turpis&velit=sed&nec=ante&nisi=vivamus&vulputate=tortor&nonummy=duis&maecenas=mattis&tincidunt=egestas&lacus=metus&at=aenean&velit=fermentum&vivamus=donec&vel=ut&nulla=mauris&eget=eget&eros=massa&elementum=tempor&pellentesque=convallis&quisque=nulla&porta=neque&volutpat=libero&erat=convallis&quisque=eget&erat=eleifend&eros=luctus&viverra=ultricies&eget=eu&congue=nibh&eget=quisque&semper=id&rutrum=justo&nulla=sit&nunc=amet&purus=sapien&phasellus=dignissim&in=vestibulum&felis=vestibulum&donec=ante&semper=ipsum&sapien=primis&a=in&libero=faucibus&nam=orci&dui=luctus&proin=et&leo=ultrices&odio=posuere&porttitor=cubilia&id=curae&consequat=nulla&in=dapibus&consequat=dolor&ut=vel&nulla=est&sed=donec&accumsan=odio&felis=justo&ut=sollicitudin&at=ut&dolor=suscipit&quis=a&odio=feugiat&consequat=et&varius=eros&integer=vestibulum&ac=ac&leo=est&pellentesque=lacinia&ultrices=nisi&mattis=venenatis&odio=tristique&donec=fusce&vitae=congue&nisi=diam&nam=id&ultrices=ornare&libero=imperdiet&non=sapien&mattis=urna&pulvinar=pretium&nulla=nisl&pede=ut,650-544-1789,cotto1w@globo.com,Mountain View,California
70,Human Resources,http://cdc.gov/rhoncus/aliquam/lacus/morbi/quis.jpg?dictumst=ut&etiam=suscipit&faucibus=a&cursus=feugiat&urna=et&ut=eros&tellus=vestibulum&nulla=ac&ut=est&erat=lacinia&id=nisi&mauris=venenatis&vulputate=tristique&elementum=fusce&nullam=congue&varius=diam&nulla=id&facilisi=ornare&cras=imperdiet&non=sapien&velit=urna&nec=pretium&nisi=nisl&vulputate=ut&nonummy=volutpat&maecenas=sapien&tincidunt=arcu&lacus=sed&at=augue&velit=aliquam&vivamus=erat&vel=volutpat&nulla=in&eget=congue&eros=etiam&elementum=justo&pellentesque=etiam&quisque=pretium&porta=iaculis&volutpat=justo&erat=in&quisque=hac&erat=habitasse&eros=platea&viverra=dictumst&eget=etiam&congue=faucibus&eget=cursus&semper=urna&rutrum=ut&nulla=tellus&nunc=nulla&purus=ut&phasellus=erat&in=id&felis=mauris&donec=vulputate&semper=elementum&sapien=nullam&a=varius,202-193-4609,kstrain1x@oaic.gov.au,Washington,District of Columbia
71,Engineering,https://time.com/dis/parturient/montes.xml?justo=suspendisse&eu=potenti&massa=nullam&donec=porttitor&dapibus=lacus&duis=at&at=turpis&velit=donec&eu=posuere&est=metus&congue=vitae&elementum=ipsum&in=aliquam&hac=non&habitasse=mauris&platea=morbi&dictumst=non&morbi=lectus&vestibulum=aliquam&velit=sit&id=amet&pretium=diam&iaculis=in&diam=magna&erat=bibendum&fermentum=imperdiet&justo=nullam&nec=orci&condimentum=pede,619-476-7949,clandell1y@discuz.net,San Diego,California
72,Human Resources,https://newyorker.com/accumsan/tellus/nisi/eu.html?consectetuer=accumsan&eget=tellus&rutrum=nisi&at=eu&lorem=orci&integer=mauris&tincidunt=lacinia&ante=sapien&vel=quis&ipsum=libero&praesent=nullam&blandit=sit&lacinia=amet&erat=turpis&vestibulum=elementum&sed=ligula&magna=vehicula&at=consequat&nunc=morbi&commodo=a&placerat=ipsum&praesent=integer&blandit=a&nam=nibh&nulla=in&integer=quis&pede=justo&justo=maecenas&lacinia=rhoncus&eget=aliquam&tincidunt=lacus&eget=morbi&tempus=quis&vel=tortor&pede=id&morbi=nulla&porttitor=ultrices&lorem=aliquet&id=maecenas&ligula=leo&suspendisse=odio&ornare=condimentum&consequat=id&lectus=luctus&in=nec&est=molestie&risus=sed&auctor=justo&sed=pellentesque&tristique=viverra&in=pede&tempus=ac&sit=diam&amet=cras&sem=pellentesque&fusce=volutpat&consequat=dui&nulla=maecenas&nisl=tristique&nunc=est&nisl=et&duis=tempus&bibendum=semper&felis=est&sed=quam&interdum=pharetra&venenatis=magna&turpis=ac&enim=consequat&blandit=metus&mi=sapien&in=ut&porttitor=nunc&pede=vestibulum&justo=ante&eu=ipsum&massa=primis&donec=in&dapibus=faucibus&duis=orci&at=luctus&velit=et&eu=ultrices&est=posuere&congue=cubilia&elementum=curae&in=mauris&hac=viverra&habitasse=diam&platea=vitae&dictumst=quam&morbi=suspendisse&vestibulum=potenti&velit=nullam,608-850-9816,vricketts1z@google.ca,Madison,Wisconsin
73,Training,https://mysql.com/adipiscing/elit/proin/interdum.html?elementum=nulla&eu=suspendisse&interdum=potenti&eu=cras&tincidunt=in&in=purus&leo=eu&maecenas=magna&pulvinar=vulputate&lobortis=luctus&est=cum&phasellus=sociis&sit=natoque&amet=penatibus&erat=et&nulla=magnis&tempus=dis&vivamus=parturient&in=montes&felis=nascetur&eu=ridiculus&sapien=mus&cursus=vivamus&vestibulum=vestibulum&proin=sagittis&eu=sapien&mi=cum&nulla=sociis&ac=natoque&enim=penatibus&in=et&tempor=magnis&turpis=dis&nec=parturient&euismod=montes&scelerisque=nascetur&quam=ridiculus&turpis=mus&adipiscing=etiam&lorem=vel&vitae=augue&mattis=vestibulum&nibh=rutrum&ligula=rutrum&nec=neque&sem=aenean&duis=auctor&aliquam=gravida&convallis=sem&nunc=praesent&proin=id&at=massa&turpis=id&a=nisl&pede=venenatis&posuere=lacinia&nonummy=aenean&integer=sit&non=amet&velit=justo&donec=morbi&diam=ut,571-499-5690,cmikalski20@tamu.edu,Falls Church,Virginia
74,Human Resources,http://pbs.org/velit/eu.json?in=ipsum&faucibus=primis&orci=in&luctus=faucibus&et=orci&ultrices=luctus&posuere=et&cubilia=ultrices&curae=posuere&nulla=cubilia&dapibus=curae&dolor=donec&vel=pharetra&est=magna&donec=vestibulum&odio=aliquet&justo=ultrices&sollicitudin=erat&ut=tortor&suscipit=sollicitudin&a=mi&feugiat=sit&et=amet&eros=lobortis&vestibulum=sapien&ac=sapien&est=non&lacinia=mi&nisi=integer&venenatis=ac&tristique=neque&fusce=duis&congue=bibendum&diam=morbi&id=non&ornare=quam&imperdiet=nec&sapien=dui&urna=luctus&pretium=rutrum&nisl=nulla&ut=tellus&volutpat=in&sapien=sagittis&arcu=dui&sed=vel&augue=nisl,954-965-4059,rkealey21@reuters.com,Boca Raton,Florida
75,Support,https://yahoo.com/sed.json?magna=vivamus&vestibulum=vel&aliquet=nulla&ultrices=eget&erat=eros&tortor=elementum&sollicitudin=pellentesque&mi=quisque&sit=porta&amet=volutpat&lobortis=erat&sapien=quisque&sapien=erat&non=eros&mi=viverra&integer=eget&ac=congue&neque=eget&duis=semper&bibendum=rutrum&morbi=nulla&non=nunc&quam=purus&nec=phasellus&dui=in&luctus=felis&rutrum=donec&nulla=semper&tellus=sapien&in=a&sagittis=libero&dui=nam&vel=dui&nisl=proin&duis=leo&ac=odio&nibh=porttitor&fusce=id&lacus=consequat&purus=in&aliquet=consequat&at=ut&feugiat=nulla&non=sed&pretium=accumsan,504-835-7579,dgertz22@scribd.com,New Orleans,Louisiana
76,Research and Development,https://toplist.cz/sagittis/dui/vel/nisl.jpg?ultrices=mattis&erat=odio&tortor=donec&sollicitudin=vitae&mi=nisi&sit=nam&amet=ultrices&lobortis=libero&sapien=non&sapien=mattis&non=pulvinar&mi=nulla&integer=pede&ac=ullamcorper&neque=augue&duis=a&bibendum=suscipit&morbi=nulla&non=elit&quam=ac&nec=nulla&dui=sed&luctus=vel&rutrum=enim&nulla=sit,757-328-2715,maugust23@admin.ch,Virginia Beach,Virginia
77,Engineering,https://npr.org/lorem/id.xml?nisl=luctus&duis=tincidunt&ac=nulla&nibh=mollis,614-979-7913,kbarette24@chron.com,Columbus,Ohio
78,Services,https://cnn.com/dictumst/morbi/vestibulum/velit/id/pretium.jsp?cubilia=ultrices&curae=libero&duis=non&faucibus=mattis&accumsan=pulvinar&odio=nulla&curabitur=pede&convallis=ullamcorper,214-209-8018,mdaviot25@indiatimes.com,Houston,Texas
79,Accounting,http://theglobeandmail.com/nulla/elit/ac/nulla/sed/vel/enim.jpg?luctus=nec&rutrum=euismod&nulla=scelerisque&tellus=quam&in=turpis&sagittis=adipiscing&dui=lorem&vel=vitae&nisl=mattis&duis=nibh&ac=ligula&nibh=nec&fusce=sem&lacus=duis&purus=aliquam&aliquet=convallis&at=nunc&feugiat=proin&non=at&pretium=turpis&quis=a&lectus=pede&suspendisse=posuere&potenti=nonummy&in=integer&eleifend=non&quam=velit&a=donec&odio=diam&in=neque&hac=vestibulum&habitasse=eget&platea=vulputate&dictumst=ut&maecenas=ultrices&ut=vel&massa=augue&quis=vestibulum&augue=ante&luctus=ipsum&tincidunt=primis&nulla=in&mollis=faucibus&molestie=orci&lorem=luctus&quisque=et&ut=ultrices&erat=posuere&curabitur=cubilia&gravida=curae&nisi=donec&at=pharetra&nibh=magna&in=vestibulum&hac=aliquet&habitasse=ultrices&platea=erat&dictumst=tortor&aliquam=sollicitudin&augue=mi&quam=sit&sollicitudin=amet&vitae=lobortis&consectetuer=sapien&eget=sapien&rutrum=non&at=mi&lorem=integer&integer=ac&tincidunt=neque&ante=duis&vel=bibendum&ipsum=morbi&praesent=non&blandit=quam&lacinia=nec&erat=dui&vestibulum=luctus&sed=rutrum&magna=nulla&at=tellus&nunc=in&commodo=sagittis&placerat=dui&praesent=vel&blandit=nisl,904-740-3836,eyglesias26@chicagotribune.com,Saint Augustine,Florida
80,Training,http://360.cn/a/suscipit/nulla/elit.jpg?duis=nibh&bibendum=in&morbi=quis&non=justo&quam=maecenas&nec=rhoncus&dui=aliquam&luctus=lacus&rutrum=morbi&nulla=quis&tellus=tortor&in=id&sagittis=nulla&dui=ultrices&vel=aliquet&nisl=maecenas&duis=leo&ac=odio&nibh=condimentum&fusce=id&lacus=luctus&purus=nec&aliquet=molestie&at=sed&feugiat=justo&non=pellentesque&pretium=viverra&quis=pede&lectus=ac&suspendisse=diam&potenti=cras&in=pellentesque&eleifend=volutpat&quam=dui&a=maecenas&odio=tristique&in=est&hac=et&habitasse=tempus&platea=semper&dictumst=est&maecenas=quam,425-227-4088,cburridge27@ucoz.ru,Seattle,Washington
81,Engineering,http://sohu.com/mauris.js?egestas=tincidunt&metus=eu&aenean=felis&fermentum=fusce&donec=posuere&ut=felis&mauris=sed&eget=lacus&massa=morbi&tempor=sem&convallis=mauris&nulla=laoreet&neque=ut&libero=rhoncus&convallis=aliquet&eget=pulvinar&eleifend=sed&luctus=nisl&ultricies=nunc&eu=rhoncus&nibh=dui&quisque=vel&id=sem&justo=sed&sit=sagittis&amet=nam&sapien=congue&dignissim=risus&vestibulum=semper&vestibulum=porta&ante=volutpat&ipsum=quam&primis=pede&in=lobortis&faucibus=ligula&orci=sit&luctus=amet&et=eleifend&ultrices=pede&posuere=libero&cubilia=quis&curae=orci&nulla=nullam&dapibus=molestie&dolor=nibh&vel=in&est=lectus&donec=pellentesque&odio=at&justo=nulla&sollicitudin=suspendisse&ut=potenti&suscipit=cras&a=in&feugiat=purus&et=eu&eros=magna&vestibulum=vulputate&ac=luctus&est=cum&lacinia=sociis&nisi=natoque&venenatis=penatibus&tristique=et&fusce=magnis&congue=dis&diam=parturient&id=montes&ornare=nascetur&imperdiet=ridiculus&sapien=mus&urna=vivamus&pretium=vestibulum&nisl=sagittis&ut=sapien&volutpat=cum&sapien=sociis&arcu=natoque&sed=penatibus&augue=et&aliquam=magnis&erat=dis&volutpat=parturient&in=montes&congue=nascetur&etiam=ridiculus&justo=mus&etiam=etiam&pretium=vel&iaculis=augue&justo=vestibulum&in=rutrum&hac=rutrum&habitasse=neque&platea=aenean&dictumst=auctor&etiam=gravida&faucibus=sem,213-773-8585,dwaldram28@purevolume.com,Van Nuys,California
82,Research and Development,https://chicagotribune.com/at/velit/eu.json?in=neque&magna=vestibulum&bibendum=eget&imperdiet=vulputate&nullam=ut&orci=ultrices&pede=vel&venenatis=augue&non=vestibulum&sodales=ante&sed=ipsum&tincidunt=primis&eu=in&felis=faucibus&fusce=orci&posuere=luctus&felis=et&sed=ultrices&lacus=posuere&morbi=cubilia&sem=curae&mauris=donec&laoreet=pharetra&ut=magna&rhoncus=vestibulum&aliquet=aliquet&pulvinar=ultrices&sed=erat&nisl=tortor&nunc=sollicitudin&rhoncus=mi&dui=sit&vel=amet&sem=lobortis&sed=sapien&sagittis=sapien&nam=non&congue=mi&risus=integer&semper=ac&porta=neque&volutpat=duis&quam=bibendum&pede=morbi&lobortis=non&ligula=quam&sit=nec&amet=dui&eleifend=luctus&pede=rutrum&libero=nulla&quis=tellus&orci=in&nullam=sagittis&molestie=dui&nibh=vel&in=nisl&lectus=duis,217-411-5836,lspaingower29@weebly.com,Springfield,Illinois
83,Sales,https://comsenz.com/nam/dui/proin/leo/odio/porttitor.aspx?sit=eros&amet=viverra&sem=eget&fusce=congue&consequat=eget&nulla=semper&nisl=rutrum&nunc=nulla&nisl=nunc&duis=purus&bibendum=phasellus&felis=in&sed=felis&interdum=donec&venenatis=semper&turpis=sapien&enim=a&blandit=libero&mi=nam&in=dui&porttitor=proin&pede=leo&justo=odio&eu=porttitor&massa=id&donec=consequat&dapibus=in&duis=consequat&at=ut&velit=nulla&eu=sed&est=accumsan&congue=felis&elementum=ut&in=at&hac=dolor&habitasse=quis&platea=odio&dictumst=consequat&morbi=varius&vestibulum=integer&velit=ac&id=leo&pretium=pellentesque&iaculis=ultrices&diam=mattis&erat=odio&fermentum=donec&justo=vitae&nec=nisi&condimentum=nam&neque=ultrices&sapien=libero&placerat=non&ante=mattis&nulla=pulvinar&justo=nulla&aliquam=pede&quis=ullamcorper&turpis=augue&eget=a&elit=suscipit&sodales=nulla&scelerisque=elit&mauris=ac&sit=nulla&amet=sed&eros=vel&suspendisse=enim&accumsan=sit&tortor=amet&quis=nunc&turpis=viverra&sed=dapibus&ante=nulla&vivamus=suscipit&tortor=ligula&duis=in,513-932-6625,lrattenberie2a@163.com,Cincinnati,Ohio
84,Sales,http://shop-pro.jp/ipsum/integer/a/nibh.json?platea=nullam&dictumst=varius&etiam=nulla&faucibus=facilisi&cursus=cras&urna=non&ut=velit&tellus=nec&nulla=nisi&ut=vulputate&erat=nonummy&id=maecenas,907-250-7967,mmassow2b@bloomberg.com,Anchorage,Alaska
85,Research and Development,https://goo.gl/venenatis.js?vel=quis&sem=turpis&sed=eget,425-438-0017,rwindmill2c@bloomberg.com,Seattle,Washington
86,Accounting,https://sina.com.cn/condimentum/neque/sapien/placerat/ante/nulla.jpg?in=consequat&tempus=dui&sit=nec&amet=nisi&sem=volutpat&fusce=eleifend&consequat=donec&nulla=ut&nisl=dolor&nunc=morbi&nisl=vel&duis=lectus&bibendum=in&felis=quam&sed=fringilla&interdum=rhoncus&venenatis=mauris&turpis=enim&enim=leo,713-551-5107,ndorrity2d@nifty.com,Houston,Texas
87,Product Management,http://ezinearticles.com/luctus/tincidunt/nulla/mollis/molestie/lorem.aspx?est=tellus&donec=nulla&odio=ut&justo=erat&sollicitudin=id&ut=mauris&suscipit=vulputate&a=elementum&feugiat=nullam&et=varius&eros=nulla&vestibulum=facilisi&ac=cras&est=non&lacinia=velit&nisi=nec&venenatis=nisi&tristique=vulputate&fusce=nonummy&congue=maecenas&diam=tincidunt&id=lacus&ornare=at&imperdiet=velit&sapien=vivamus&urna=vel&pretium=nulla&nisl=eget&ut=eros&volutpat=elementum&sapien=pellentesque&arcu=quisque&sed=porta&augue=volutpat&aliquam=erat&erat=quisque&volutpat=erat&in=eros&congue=viverra&etiam=eget&justo=congue&etiam=eget&pretium=semper&iaculis=rutrum&justo=nulla&in=nunc&hac=purus&habitasse=phasellus&platea=in&dictumst=felis&etiam=donec&faucibus=semper&cursus=sapien&urna=a&ut=libero&tellus=nam&nulla=dui&ut=proin&erat=leo&id=odio&mauris=porttitor&vulputate=id&elementum=consequat&nullam=in&varius=consequat&nulla=ut&facilisi=nulla&cras=sed&non=accumsan&velit=felis&nec=ut&nisi=at&vulputate=dolor&nonummy=quis&maecenas=odio&tincidunt=consequat&lacus=varius&at=integer&velit=ac&vivamus=leo&vel=pellentesque&nulla=ultrices&eget=mattis&eros=odio&elementum=donec&pellentesque=vitae&quisque=nisi&porta=nam&volutpat=ultrices&erat=libero&quisque=non&erat=mattis,713-295-3513,tdorbon2e@imgur.com,Houston,Texas
88,Business Development,https://exblog.jp/tempus.json?volutpat=faucibus&sapien=orci&arcu=luctus&sed=et&augue=ultrices&aliquam=posuere&erat=cubilia&volutpat=curae&in=nulla&congue=dapibus&etiam=dolor&justo=vel&etiam=est&pretium=donec,713-350-6131,vgiamitti2f@soup.io,Houston,Texas
89,Support,https://tripod.com/ridiculus.png?sed=libero&nisl=convallis&nunc=eget&rhoncus=eleifend&dui=luctus&vel=ultricies&sem=eu&sed=nibh&sagittis=quisque,520-116-7627,gscardifeild2g@wp.com,Tucson,Arizona
90,Business Development,https://about.me/eget/vulputate/ut/ultrices/vel.html?convallis=nec&duis=nisi&consequat=vulputate&dui=nonummy&nec=maecenas&nisi=tincidunt&volutpat=lacus&eleifend=at&donec=velit&ut=vivamus&dolor=vel&morbi=nulla&vel=eget&lectus=eros&in=elementum&quam=pellentesque&fringilla=quisque&rhoncus=porta&mauris=volutpat&enim=erat&leo=quisque&rhoncus=erat&sed=eros&vestibulum=viverra&sit=eget&amet=congue&cursus=eget&id=semper&turpis=rutrum&integer=nulla&aliquet=nunc&massa=purus&id=phasellus&lobortis=in&convallis=felis&tortor=donec&risus=semper&dapibus=sapien&augue=a&vel=libero&accumsan=nam&tellus=dui&nisi=proin&eu=leo&orci=odio&mauris=porttitor&lacinia=id&sapien=consequat&quis=in&libero=consequat&nullam=ut&sit=nulla&amet=sed&turpis=accumsan&elementum=felis&ligula=ut&vehicula=at&consequat=dolor&morbi=quis&a=odio&ipsum=consequat&integer=varius&a=integer&nibh=ac,504-903-7218,jstelle2h@tiny.cc,New Orleans,Louisiana
91,Support,http://dmoz.org/aliquam/lacus/morbi/quis/tortor.html?mauris=viverra&vulputate=diam&elementum=vitae&nullam=quam&varius=suspendisse&nulla=potenti&facilisi=nullam&cras=porttitor&non=lacus&velit=at,515-940-9280,bharradence2i@about.me,Des Moines,Iowa
92,Sales,http://theglobeandmail.com/nulla/facilisi.jsp?nam=rhoncus&nulla=dui&integer=vel&pede=sem&justo=sed&lacinia=sagittis&eget=nam&tincidunt=congue&eget=risus&tempus=semper&vel=porta&pede=volutpat&morbi=quam&porttitor=pede&lorem=lobortis&id=ligula&ligula=sit&suspendisse=amet&ornare=eleifend&consequat=pede&lectus=libero&in=quis&est=orci&risus=nullam&auctor=molestie&sed=nibh&tristique=in&in=lectus&tempus=pellentesque&sit=at&amet=nulla&sem=suspendisse&fusce=potenti&consequat=cras&nulla=in&nisl=purus&nunc=eu&nisl=magna&duis=vulputate&bibendum=luctus&felis=cum&sed=sociis&interdum=natoque&venenatis=penatibus,916-668-0992,njaffray2j@cpanel.net,Sacramento,California
93,Product Management,http://army.mil/ante/vivamus/tortor/duis/mattis.jsp?molestie=etiam&sed=pretium&justo=iaculis&pellentesque=justo&viverra=in&pede=hac&ac=habitasse&diam=platea&cras=dictumst&pellentesque=etiam&volutpat=faucibus&dui=cursus&maecenas=urna&tristique=ut&est=tellus&et=nulla&tempus=ut&semper=erat&est=id&quam=mauris&pharetra=vulputate&magna=elementum&ac=nullam&consequat=varius&metus=nulla&sapien=facilisi&ut=cras&nunc=non&vestibulum=velit&ante=nec&ipsum=nisi&primis=vulputate&in=nonummy&faucibus=maecenas&orci=tincidunt&luctus=lacus&et=at&ultrices=velit&posuere=vivamus&cubilia=vel&curae=nulla&mauris=eget&viverra=eros&diam=elementum&vitae=pellentesque&quam=quisque&suspendisse=porta&potenti=volutpat&nullam=erat&porttitor=quisque&lacus=erat&at=eros&turpis=viverra&donec=eget&posuere=congue&metus=eget&vitae=semper&ipsum=rutrum&aliquam=nulla&non=nunc&mauris=purus&morbi=phasellus&non=in&lectus=felis&aliquam=donec&sit=semper&amet=sapien&diam=a&in=libero&magna=nam&bibendum=dui&imperdiet=proin&nullam=leo&orci=odio&pede=porttitor&venenatis=id,205-309-1023,scopplestone2k@technorati.com,Birmingham,Alabama
94,Product Management,http://imageshack.us/est/risus/auctor.json?non=diam&velit=erat&nec=fermentum&nisi=justo&vulputate=nec&nonummy=condimentum&maecenas=neque&tincidunt=sapien&lacus=placerat&at=ante&velit=nulla&vivamus=justo&vel=aliquam&nulla=quis&eget=turpis&eros=eget&elementum=elit&pellentesque=sodales&quisque=scelerisque,508-964-9040,mmacgowing2l@apple.com,Worcester,Massachusetts
95,Sales,https://businessweek.com/eget/elit/sodales/scelerisque.json?in=congue&libero=risus&ut=semper&massa=porta&volutpat=volutpat&convallis=quam&morbi=pede&odio=lobortis&odio=ligula&elementum=sit&eu=amet&interdum=eleifend&eu=pede&tincidunt=libero&in=quis&leo=orci&maecenas=nullam&pulvinar=molestie&lobortis=nibh&est=in&phasellus=lectus&sit=pellentesque&amet=at&erat=nulla&nulla=suspendisse&tempus=potenti&vivamus=cras&in=in&felis=purus&eu=eu&sapien=magna&cursus=vulputate&vestibulum=luctus&proin=cum&eu=sociis&mi=natoque&nulla=penatibus&ac=et&enim=magnis&in=dis&tempor=parturient&turpis=montes&nec=nascetur&euismod=ridiculus&scelerisque=mus&quam=vivamus&turpis=vestibulum&adipiscing=sagittis&lorem=sapien&vitae=cum&mattis=sociis&nibh=natoque&ligula=penatibus&nec=et&sem=magnis&duis=dis&aliquam=parturient&convallis=montes&nunc=nascetur&proin=ridiculus&at=mus&turpis=etiam&a=vel&pede=augue&posuere=vestibulum&nonummy=rutrum&integer=rutrum&non=neque&velit=aenean&donec=auctor&diam=gravida&neque=sem&vestibulum=praesent&eget=id&vulputate=massa&ut=id&ultrices=nisl&vel=venenatis&augue=lacinia&vestibulum=aenean&ante=sit&ipsum=amet&primis=justo,915-511-3501,dhunte2m@nsw.gov.au,El Paso,Texas
96,Training,http://ox.ac.uk/lobortis/convallis/tortor/risus/dapibus.png?integer=ligula&pede=nec&justo=sem&lacinia=duis&eget=aliquam&tincidunt=convallis&eget=nunc&tempus=proin&vel=at&pede=turpis&morbi=a&porttitor=pede&lorem=posuere&id=nonummy&ligula=integer&suspendisse=non&ornare=velit&consequat=donec&lectus=diam&in=neque&est=vestibulum&risus=eget&auctor=vulputate&sed=ut&tristique=ultrices&in=vel&tempus=augue&sit=vestibulum&amet=ante&sem=ipsum&fusce=primis&consequat=in&nulla=faucibus&nisl=orci&nunc=luctus&nisl=et&duis=ultrices&bibendum=posuere&felis=cubilia&sed=curae&interdum=donec&venenatis=pharetra&turpis=magna&enim=vestibulum&blandit=aliquet&mi=ultrices&in=erat&porttitor=tortor&pede=sollicitudin&justo=mi&eu=sit&massa=amet&donec=lobortis&dapibus=sapien&duis=sapien&at=non&velit=mi,212-542-3222,mhuie2n@arizona.edu,Brooklyn,New York
97,Sales,http://ask.com/neque.jpg?felis=orci&sed=luctus&interdum=et&venenatis=ultrices&turpis=posuere&enim=cubilia&blandit=curae&mi=duis&in=faucibus&porttitor=accumsan&pede=odio&justo=curabitur&eu=convallis&massa=duis&donec=consequat&dapibus=dui&duis=nec&at=nisi&velit=volutpat&eu=eleifend&est=donec&congue=ut&elementum=dolor&in=morbi&hac=vel&habitasse=lectus&platea=in&dictumst=quam&morbi=fringilla&vestibulum=rhoncus&velit=mauris&id=enim&pretium=leo&iaculis=rhoncus&diam=sed&erat=vestibulum&fermentum=sit&justo=amet&nec=cursus&condimentum=id&neque=turpis&sapien=integer&placerat=aliquet&ante=massa&nulla=id&justo=lobortis&aliquam=convallis&quis=tortor&turpis=risus&eget=dapibus&elit=augue&sodales=vel&scelerisque=accumsan&mauris=tellus&sit=nisi&amet=eu&eros=orci&suspendisse=mauris&accumsan=lacinia&tortor=sapien&quis=quis&turpis=libero&sed=nullam&ante=sit&vivamus=amet&tortor=turpis&duis=elementum&mattis=ligula&egestas=vehicula&metus=consequat&aenean=morbi&fermentum=a&donec=ipsum&ut=integer&mauris=a&eget=nibh&massa=in&tempor=quis&convallis=justo&nulla=maecenas&neque=rhoncus&libero=aliquam&convallis=lacus&eget=morbi&eleifend=quis&luctus=tortor&ultricies=id&eu=nulla&nibh=ultrices&quisque=aliquet&id=maecenas&justo=leo&sit=odio&amet=condimentum,254-222-3554,btollmache2o@cam.ac.uk,Waco,Texas
98,Research and Development,https://yahoo.co.jp/varius/nulla/facilisi.js?maecenas=bibendum&tristique=imperdiet&est=nullam&et=orci&tempus=pede&semper=venenatis&est=non&quam=sodales&pharetra=sed&magna=tincidunt&ac=eu&consequat=felis&metus=fusce&sapien=posuere&ut=felis&nunc=sed&vestibulum=lacus&ante=morbi&ipsum=sem&primis=mauris&in=laoreet&faucibus=ut,801-612-1645,gcarbine2p@businessinsider.com,Salt Lake City,Utah
99,Services,http://histats.com/mus/vivamus.html?ornare=primis&consequat=in&lectus=faucibus&in=orci&est=luctus&risus=et&auctor=ultrices&sed=posuere&tristique=cubilia&in=curae&tempus=nulla&sit=dapibus&amet=dolor&sem=vel&fusce=est&consequat=donec&nulla=odio&nisl=justo&nunc=sollicitudin&nisl=ut&duis=suscipit&bibendum=a&felis=feugiat&sed=et&interdum=eros&venenatis=vestibulum&turpis=ac&enim=est&blandit=lacinia&mi=nisi&in=venenatis&porttitor=tristique&pede=fusce&justo=congue&eu=diam&massa=id&donec=ornare&dapibus=imperdiet&duis=sapien&at=urna&velit=pretium&eu=nisl&est=ut&congue=volutpat&elementum=sapien&in=arcu&hac=sed&habitasse=augue&platea=aliquam&dictumst=erat&morbi=volutpat&vestibulum=in&velit=congue&id=etiam&pretium=justo&iaculis=etiam&diam=pretium&erat=iaculis&fermentum=justo&justo=in&nec=hac&condimentum=habitasse&neque=platea&sapien=dictumst&placerat=etiam&ante=faucibus&nulla=cursus&justo=urna&aliquam=ut&quis=tellus&turpis=nulla,425-853-3717,ohorwell2q@paypal.com,Seattle,Washington
100,Business Development,http://webs.com/sed/tincidunt.json?ridiculus=convallis&mus=nulla&vivamus=neque&vestibulum=libero&sagittis=convallis&sapien=eget&cum=eleifend&sociis=luctus&natoque=ultricies&penatibus=eu&et=nibh&magnis=quisque&dis=id&parturient=justo&montes=sit&nascetur=amet&ridiculus=sapien&mus=dignissim&etiam=vestibulum&vel=vestibulum&augue=ante&vestibulum=ipsum&rutrum=primis&rutrum=in&neque=faucibus&aenean=orci&auctor=luctus&gravida=et&sem=ultrices&praesent=posuere&id=cubilia&massa=curae&id=nulla,951-467-1212,skilgour2r@scientificamerican.com,Corona,California
